商品类别,商品品牌,商品名称,售价,售价来源平台,销售平台,好评率
个护清洁,宝洁,宝洁护手霜Pro,62.5,苏宁易购,淘宝店铺,92.0%
个护清洁,宝洁,宝洁护手霜Pro 2025,767.35,京东,京东自营,96.5%
个护清洁,宝洁,宝洁护手霜标准版 2024,591.73,拼多多,快手小店,90.1%
个护清洁,宝洁,宝洁护手霜经典款,338.1,京东,快手小店,93.8%
个护清洁,宝洁,宝洁沐浴露旗舰版 2024,57.17,淘宝,抖音商城,95.2%
个护清洁,宝洁,宝洁沐浴露旗舰版 2025,896.66,苏宁易购,抖音商城,99.6%
个护清洁,宝洁,宝洁沐浴露青春版,299.88,天猫,京东自营,96.9%
个护清洁,宝洁,宝洁洁面乳旗舰版 2025,25.37,苏宁易购,京东自营,95.8%
个护清洁,宝洁,宝洁洁面乳标准版 2024,195.02,天猫,抖音商城,95.3%
个护清洁,宝洁,宝洁洁面乳青春版 2024,497.43,天猫,快手小店,96.2%
个护清洁,宝洁,宝洁洗发水标准版,829.47,拼多多,拼多多旗舰店,93.3%
个护清洁,宝洁,宝洁洗发水标准版,674.43,京东,快手小店,98.4%
个护清洁,宝洁,宝洁洗发水青春版 2025,276.35,苏宁易购,拼多多旗舰店,97.2%
个护清洁,宝洁,宝洁洗衣液Max 2025,138.78,天猫,天猫旗舰店,90.4%
个护清洁,宝洁,宝洁洗衣液旗舰版 2024,385.95,淘宝,淘宝店铺,93.4%
个护清洁,宝洁,宝洁洗衣液青春版 2025,30.54,淘宝,抖音商城,93.0%
个护清洁,宝洁,宝洁消毒液旗舰版,225.31,天猫,淘宝店铺,96.1%
个护清洁,宝洁,宝洁消毒液旗舰版 2024,147.83,京东,京东自营,97.2%
个护清洁,宝洁,宝洁消毒液标准版 2024,626.48,拼多多,拼多多旗舰店,91.1%
个护清洁,宝洁,宝洁牙膏Max 2024,84.72,天猫,天猫旗舰店,95.0%
个护清洁,宝洁,宝洁牙膏升级版 2024,82.47,京东,抖音商城,95.7%
个护清洁,宝洁,宝洁牙膏青春版,206.66,拼多多,天猫旗舰店,92.9%
个护清洁,宝洁,宝洁电动牙刷Max 2025,185.32,苏宁易购,天猫旗舰店,93.9%
个护清洁,宝洁,宝洁电动牙刷Pro 2024,296.84,京东,京东自营,99.1%
个护清洁,宝洁,宝洁电动牙刷青春版 2025,896.4,天猫,京东自营,95.2%
个护清洁,欧莱雅,欧莱雅护手霜旗舰版 2025,754.83,京东,京东自营,93.0%
个护清洁,欧莱雅,欧莱雅护手霜旗舰版 2025,631.86,苏宁易购,天猫旗舰店,95.7%
个护清洁,欧莱雅,欧莱雅护手霜标准版 2024,893.42,淘宝,抖音商城,91.6%
个护清洁,欧莱雅,欧莱雅沐浴露Max,384.99,京东,快手小店,96.1%
个护清洁,欧莱雅,欧莱雅沐浴露旗舰版,177.97,淘宝,淘宝店铺,94.4%
个护清洁,欧莱雅,欧莱雅沐浴露青春版,421.59,京东,快手小店,96.4%
个护清洁,欧莱雅,欧莱雅洁面乳Max 2024,79.67,天猫,抖音商城,95.9%
个护清洁,欧莱雅,欧莱雅洁面乳Pro 2025,568.49,天猫,京东自营,98.1%
个护清洁,欧莱雅,欧莱雅洁面乳升级版,58.01,天猫,京东自营,93.5%
个护清洁,欧莱雅,欧莱雅洁面乳新品,603.73,苏宁易购,抖音商城,92.4%
个护清洁,欧莱雅,欧莱雅洗发水标准版 2024,415.64,天猫,抖音商城,98.7%
个护清洁,欧莱雅,欧莱雅洗发水青春版 2024,884.61,拼多多,抖音商城,90.4%
个护清洁,欧莱雅,欧莱雅洗发水青春版 2025,518.02,京东,抖音商城,95.3%
个护清洁,欧莱雅,欧莱雅洗衣液Pro 2024,658.84,淘宝,快手小店,99.5%
个护清洁,欧莱雅,欧莱雅洗衣液旗舰版,153.29,京东,拼多多旗舰店,91.4%
个护清洁,欧莱雅,欧莱雅洗衣液青春版 2024,48.08,淘宝,抖音商城,91.7%
个护清洁,欧莱雅,欧莱雅消毒液Pro,417.19,苏宁易购,京东自营,98.5%
个护清洁,欧莱雅,欧莱雅消毒液升级版,808.7,京东,抖音商城,99.5%
个护清洁,欧莱雅,欧莱雅消毒液青春版 2024,220.71,拼多多,拼多多旗舰店,95.8%
个护清洁,欧莱雅,欧莱雅牙膏Max 2024,296.88,拼多多,抖音商城,90.2%
个护清洁,欧莱雅,欧莱雅牙膏旗舰版,794.47,淘宝,快手小店,90.9%
个护清洁,欧莱雅,欧莱雅牙膏青春版,169.0,苏宁易购,天猫旗舰店,95.8%
个护清洁,欧莱雅,欧莱雅电动牙刷Max 2025,713.05,天猫,拼多多旗舰店,95.1%
个护清洁,欧莱雅,欧莱雅电动牙刷旗舰版 2025,717.87,京东,京东自营,97.1%
个护清洁,欧莱雅,欧莱雅电动牙刷标准版 2025,408.96,苏宁易购,快手小店,93.6%
个护清洁,欧莱雅,欧莱雅电动牙刷限量款,273.26,苏宁易购,天猫旗舰店,97.2%
个护清洁,海飞丝,海飞丝护手霜Max 2025,15.61,天猫,快手小店,94.9%
个护清洁,海飞丝,海飞丝护手霜标准版 2025,439.11,苏宁易购,拼多多旗舰店,93.6%
个护清洁,海飞丝,海飞丝护手霜青春版 2024,374.65,淘宝,京东自营,95.4%
个护清洁,海飞丝,海飞丝沐浴露Pro 2025,95.91,淘宝,拼多多旗舰店,94.4%
个护清洁,海飞丝,海飞丝沐浴露旗舰版 2025,753.71,苏宁易购,拼多多旗舰店,91.1%
个护清洁,海飞丝,海飞丝沐浴露标准版 2025,105.78,拼多多,淘宝店铺,98.1%
个护清洁,海飞丝,海飞丝洁面乳Max,84.35,拼多多,拼多多旗舰店,96.4%
个护清洁,海飞丝,海飞丝洁面乳Max 2025,738.86,天猫,天猫旗舰店,93.8%
个护清洁,海飞丝,海飞丝洁面乳旗舰版 2025,836.98,拼多多,抖音商城,96.2%
个护清洁,海飞丝,海飞丝洗发水Max,561.58,拼多多,拼多多旗舰店,95.4%
个护清洁,海飞丝,海飞丝洗发水标准版 2024,194.33,拼多多,拼多多旗舰店,96.9%
个护清洁,海飞丝,海飞丝洗发水青春版 2024,493.63,京东,快手小店,92.3%
个护清洁,海飞丝,海飞丝洗衣液Max 2024,348.59,天猫,拼多多旗舰店,95.4%
个护清洁,海飞丝,海飞丝洗衣液标准版,393.23,淘宝,快手小店,95.8%
个护清洁,海飞丝,海飞丝洗衣液标准版 2025,507.43,京东,淘宝店铺,99.7%
个护清洁,海飞丝,海飞丝消毒液升级版,503.33,淘宝,拼多多旗舰店,98.3%
个护清洁,海飞丝,海飞丝消毒液升级版 2024,896.74,天猫,京东自营,96.6%
个护清洁,海飞丝,海飞丝消毒液标准版 2025,22.98,拼多多,快手小店,97.1%
个护清洁,海飞丝,海飞丝牙膏Max 2025,596.55,天猫,抖音商城,90.9%
个护清洁,海飞丝,海飞丝牙膏Pro 2024,556.86,天猫,快手小店,94.4%
个护清洁,海飞丝,海飞丝牙膏旗舰版,682.8,拼多多,抖音商城,96.5%
个护清洁,海飞丝,海飞丝电动牙刷Max,767.73,苏宁易购,京东自营,90.6%
个护清洁,海飞丝,海飞丝电动牙刷Pro 2024,516.55,淘宝,拼多多旗舰店,99.0%
个护清洁,海飞丝,海飞丝电动牙刷旗舰版 2024,890.36,苏宁易购,抖音商城,95.8%
个护清洁,滴露,滴露护手霜旗舰版 2024,806.85,淘宝,拼多多旗舰店,96.2%
个护清洁,滴露,滴露护手霜标准版 2025,398.81,京东,天猫旗舰店,91.9%
个护清洁,滴露,滴露护手霜标准版 2025,895.78,拼多多,京东自营,92.4%
个护清洁,滴露,滴露沐浴露升级版 2025,576.89,京东,京东自营,97.0%
个护清洁,滴露,滴露沐浴露标准版 2025,172.99,京东,快手小店,92.9%
个护清洁,滴露,滴露沐浴露经典款,619.35,京东,天猫旗舰店,99.7%
个护清洁,滴露,滴露沐浴露青春版,343.6,苏宁易购,天猫旗舰店,97.6%
个护清洁,滴露,滴露洁面乳Pro,757.65,淘宝,快手小店,97.5%
个护清洁,滴露,滴露洁面乳升级版,502.48,天猫,淘宝店铺,99.6%
个护清洁,滴露,滴露洁面乳标准版 2025,896.34,淘宝,抖音商城,96.4%
个护清洁,滴露,滴露洗发水升级版,30.09,苏宁易购,快手小店,90.9%
个护清洁,滴露,滴露洗发水标准版 2025,16.54,拼多多,京东自营,90.7%
个护清洁,滴露,滴露洗发水青春版,619.09,淘宝,淘宝店铺,93.5%
个护清洁,滴露,滴露洗衣液Pro 2024,25.7,京东,京东自营,94.9%
个护清洁,滴露,滴露洗衣液旗舰版 2024,246.13,拼多多,抖音商城,96.9%
个护清洁,滴露,滴露洗衣液标准版 2025,638.77,拼多多,拼多多旗舰店,97.6%
个护清洁,滴露,滴露消毒液Max 2025,704.03,苏宁易购,天猫旗舰店,97.8%
个护清洁,滴露,滴露消毒液新品,424.23,拼多多,拼多多旗舰店,90.3%
个护清洁,滴露,滴露消毒液标准版 2024,858.2,拼多多,京东自营,98.1%
个护清洁,滴露,滴露消毒液青春版 2025,841.19,淘宝,拼多多旗舰店,93.6%
个护清洁,滴露,滴露牙膏Max 2024,693.73,淘宝,淘宝店铺,96.9%
个护清洁,滴露,滴露牙膏升级版,255.79,拼多多,淘宝店铺,90.6%
个护清洁,滴露,滴露牙膏标准版 2024,859.49,拼多多,京东自营,92.6%
个护清洁,滴露,滴露电动牙刷Max,552.17,拼多多,京东自营,91.8%
个护清洁,滴露,滴露电动牙刷升级版 2025,693.15,京东,拼多多旗舰店,92.2%
个护清洁,滴露,滴露电动牙刷旗舰版 2024,100.93,苏宁易购,快手小店,90.7%
个护清洁,潘婷,潘婷护手霜升级版 2024,692.47,天猫,抖音商城,96.0%
个护清洁,潘婷,潘婷护手霜旗舰版,714.26,拼多多,抖音商城,95.3%
个护清洁,潘婷,潘婷护手霜标准版 2024,736.62,淘宝,抖音商城,97.9%
个护清洁,潘婷,潘婷护手霜经典款,333.22,京东,淘宝店铺,93.0%
个护清洁,潘婷,潘婷沐浴露Pro 2024,800.38,淘宝,京东自营,91.0%
个护清洁,潘婷,潘婷沐浴露升级版,653.87,苏宁易购,京东自营,94.5%
个护清洁,潘婷,潘婷沐浴露标准版 2024,838.78,苏宁易购,京东自营,96.8%
个护清洁,潘婷,潘婷洁面乳Max,631.66,淘宝,拼多多旗舰店,96.6%
个护清洁,潘婷,潘婷洁面乳Max,67.18,拼多多,拼多多旗舰店,91.1%
个护清洁,潘婷,潘婷洁面乳升级版,136.91,淘宝,淘宝店铺,98.9%
个护清洁,潘婷,潘婷洗发水Pro,693.84,苏宁易购,快手小店,91.0%
个护清洁,潘婷,潘婷洗发水升级版 2024,831.04,苏宁易购,淘宝店铺,97.3%
个护清洁,潘婷,潘婷洗发水标准版 2024,459.34,苏宁易购,天猫旗舰店,97.9%
个护清洁,潘婷,潘婷洗衣液旗舰版 2025,405.79,淘宝,天猫旗舰店,93.5%
个护清洁,潘婷,潘婷洗衣液标准版 2024,812.93,拼多多,京东自营,90.5%
个护清洁,潘婷,潘婷洗衣液标准版 2024,357.81,苏宁易购,快手小店,97.0%
个护清洁,潘婷,潘婷消毒液Max 2024,618.19,拼多多,拼多多旗舰店,97.0%
个护清洁,潘婷,潘婷消毒液升级版,732.44,拼多多,京东自营,99.1%
个护清洁,潘婷,潘婷消毒液旗舰版 2025,729.28,拼多多,抖音商城,90.8%
个护清洁,潘婷,潘婷牙膏Pro 2024,482.73,京东,淘宝店铺,97.7%
个护清洁,潘婷,潘婷牙膏升级版,252.54,苏宁易购,抖音商城,90.2%
个护清洁,潘婷,潘婷牙膏青春版 2024,577.58,天猫,天猫旗舰店,92.1%
个护清洁,潘婷,潘婷电动牙刷Pro 2025,803.1,京东,天猫旗舰店,95.4%
个护清洁,潘婷,潘婷电动牙刷升级版 2025,724.56,天猫,京东自营,95.7%
个护清洁,潘婷,潘婷电动牙刷青春版,192.85,淘宝,淘宝店铺,93.5%
个护清洁,联合利华,联合利华护手霜旗舰版 2024,780.43,拼多多,拼多多旗舰店,98.8%
个护清洁,联合利华,联合利华护手霜标准版,834.12,苏宁易购,拼多多旗舰店,99.8%
个护清洁,联合利华,联合利华护手霜标准版 2025,663.45,淘宝,拼多多旗舰店,93.8%
个护清洁,联合利华,联合利华沐浴露Pro,565.96,京东,抖音商城,98.7%
个护清洁,联合利华,联合利华沐浴露Pro 2025,322.2,天猫,抖音商城,96.2%
个护清洁,联合利华,联合利华沐浴露升级版 2025,280.39,天猫,京东自营,94.9%
个护清洁,联合利华,联合利华洁面乳Max 2024,131.39,京东,拼多多旗舰店,91.9%
个护清洁,联合利华,联合利华洁面乳标准版 2024,854.68,天猫,天猫旗舰店,92.2%
个护清洁,联合利华,联合利华洁面乳青春版 2025,426.2,天猫,拼多多旗舰店,96.4%
个护清洁,联合利华,联合利华洗发水Pro 2025,353.01,苏宁易购,快手小店,99.7%
个护清洁,联合利华,联合利华洗发水升级版 2025,869.44,京东,京东自营,95.6%
个护清洁,联合利华,联合利华洗发水标准版 2024,440.35,京东,天猫旗舰店,95.9%
个护清洁,联合利华,联合利华洗衣液Pro 2024,672.59,淘宝,天猫旗舰店,98.1%
个护清洁,联合利华,联合利华洗衣液升级版 2025,35.24,拼多多,拼多多旗舰店,93.2%
个护清洁,联合利华,联合利华洗衣液标准版 2025,483.34,天猫,淘宝店铺,97.1%
个护清洁,联合利华,联合利华消毒液Pro 2025,513.67,天猫,天猫旗舰店,92.3%
个护清洁,联合利华,联合利华消毒液升级版,126.08,苏宁易购,抖音商城,90.3%
个护清洁,联合利华,联合利华消毒液旗舰版,328.74,拼多多,天猫旗舰店,96.8%
个护清洁,联合利华,联合利华牙膏Pro,144.02,天猫,京东自营,98.9%
个护清洁,联合利华,联合利华牙膏升级版 2025,144.95,苏宁易购,淘宝店铺,99.6%
个护清洁,联合利华,联合利华牙膏旗舰版 2024,472.44,天猫,拼多多旗舰店,96.7%
个护清洁,联合利华,联合利华电动牙刷Max,593.05,天猫,淘宝店铺,95.6%
个护清洁,联合利华,联合利华电动牙刷Max 2025,126.28,苏宁易购,抖音商城,96.5%
个护清洁,联合利华,联合利华电动牙刷旗舰版,776.7,苏宁易购,天猫旗舰店,93.1%
个护清洁,舒肤佳,舒肤佳护手霜Max 2025,675.69,苏宁易购,天猫旗舰店,97.3%
个护清洁,舒肤佳,舒肤佳护手霜Pro 2024,723.06,苏宁易购,拼多多旗舰店,92.5%
个护清洁,舒肤佳,舒肤佳护手霜青春版 2024,612.17,淘宝,抖音商城,99.8%
个护清洁,舒肤佳,舒肤佳沐浴露Max 2025,815.39,淘宝,拼多多旗舰店,95.7%
个护清洁,舒肤佳,舒肤佳沐浴露Pro 2024,266.4,苏宁易购,快手小店,90.3%
个护清洁,舒肤佳,舒肤佳沐浴露Pro 2025,55.97,京东,拼多多旗舰店,93.4%
个护清洁,舒肤佳,舒肤佳洁面乳Max,266.03,拼多多,快手小店,97.9%
个护清洁,舒肤佳,舒肤佳洁面乳Pro 2024,552.33,淘宝,淘宝店铺,96.5%
个护清洁,舒肤佳,舒肤佳洁面乳Pro 2025,616.76,苏宁易购,快手小店,90.4%
个护清洁,舒肤佳,舒肤佳洗发水旗舰版,135.46,淘宝,拼多多旗舰店,97.2%
个护清洁,舒肤佳,舒肤佳洗发水旗舰版 2025,599.73,苏宁易购,抖音商城,96.6%
个护清洁,舒肤佳,舒肤佳洗发水青春版,474.79,天猫,拼多多旗舰店,96.0%
个护清洁,舒肤佳,舒肤佳洗衣液升级版 2025,776.19,京东,天猫旗舰店,93.4%
个护清洁,舒肤佳,舒肤佳洗衣液升级版 2025,400.76,天猫,抖音商城,96.3%
个护清洁,舒肤佳,舒肤佳洗衣液青春版,754.48,拼多多,拼多多旗舰店,97.5%
个护清洁,舒肤佳,舒肤佳消毒液Max 2025,636.99,天猫,抖音商城,94.7%
个护清洁,舒肤佳,舒肤佳消毒液升级版 2024,363.88,苏宁易购,天猫旗舰店,93.0%
个护清洁,舒肤佳,舒肤佳消毒液旗舰版 2024,57.35,京东,京东自营,92.6%
个护清洁,舒肤佳,舒肤佳牙膏Pro 2024,82.43,淘宝,淘宝店铺,95.0%
个护清洁,舒肤佳,舒肤佳牙膏Pro 2025,707.67,拼多多,抖音商城,92.6%
个护清洁,舒肤佳,舒肤佳牙膏升级版 2025,54.94,苏宁易购,京东自营,99.8%
个护清洁,舒肤佳,舒肤佳电动牙刷Max 2024,727.98,天猫,拼多多旗舰店,92.6%
个护清洁,舒肤佳,舒肤佳电动牙刷升级版 2025,259.07,京东,快手小店,98.5%
个护清洁,舒肤佳,舒肤佳电动牙刷标准版 2025,164.41,天猫,快手小店,95.9%
个护清洁,资生堂,资生堂护手霜Pro 2025,772.46,淘宝,拼多多旗舰店,97.0%
个护清洁,资生堂,资生堂护手霜标准版 2024,789.57,淘宝,天猫旗舰店,93.7%
个护清洁,资生堂,资生堂护手霜青春版 2024,164.76,京东,天猫旗舰店,93.7%
个护清洁,资生堂,资生堂沐浴露新品,261.42,天猫,抖音商城,92.2%
个护清洁,资生堂,资生堂沐浴露旗舰版 2025,547.25,淘宝,拼多多旗舰店,97.8%
个护清洁,资生堂,资生堂沐浴露标准版 2025,658.46,京东,拼多多旗舰店,96.2%
个护清洁,资生堂,资生堂沐浴露限量款,593.69,淘宝,天猫旗舰店,97.7%
个护清洁,资生堂,资生堂沐浴露青春版 2024,475.94,苏宁易购,京东自营,96.9%
个护清洁,资生堂,资生堂洁面乳升级版 2024,757.26,拼多多,快手小店,93.4%
个护清洁,资生堂,资生堂洁面乳升级版 2025,619.09,淘宝,京东自营,97.9%
个护清洁,资生堂,资生堂洁面乳青春版,517.17,苏宁易购,京东自营,93.9%
个护清洁,资生堂,资生堂洗发水Max 2025,524.28,京东,淘宝店铺,99.2%
个护清洁,资生堂,资生堂洗发水Pro 2024,807.8,拼多多,抖音商城,98.1%
个护清洁,资生堂,资生堂洗发水标准版 2024,428.03,淘宝,淘宝店铺,91.2%
个护清洁,资生堂,资生堂洗衣液Pro 2024,361.48,京东,天猫旗舰店,95.6%
个护清洁,资生堂,资生堂洗衣液Pro 2025,498.49,京东,快手小店,97.6%
个护清洁,资生堂,资生堂洗衣液升级版 2024,751.1,拼多多,拼多多旗舰店,99.1%
个护清洁,资生堂,资生堂消毒液Pro 2024,706.75,京东,抖音商城,94.1%
个护清洁,资生堂,资生堂消毒液Pro 2025,654.22,苏宁易购,京东自营,93.1%
个护清洁,资生堂,资生堂消毒液标准版 2025,129.82,拼多多,抖音商城,91.5%
个护清洁,资生堂,资生堂牙膏升级版 2025,509.74,拼多多,拼多多旗舰店,95.1%
个护清洁,资生堂,资生堂牙膏升级版 2025,216.12,天猫,京东自营,92.9%
个护清洁,资生堂,资生堂牙膏青春版 2024,240.1,苏宁易购,淘宝店铺,95.7%
个护清洁,资生堂,资生堂电动牙刷Max 2024,49.49,天猫,京东自营,93.5%
个护清洁,资生堂,资生堂电动牙刷旗舰版,623.12,京东,淘宝店铺,92.5%
个护清洁,资生堂,资生堂电动牙刷标准版,422.75,天猫,抖音商城,97.9%
家居家装,全友,全友书桌Pro,2341.67,京东,拼多多旗舰店,96.5%
家居家装,全友,全友书桌旗舰版 2025,4893.32,京东,拼多多旗舰店,91.8%
家居家装,全友,全友书桌标准版 2024,5192.02,拼多多,拼多多旗舰店,91.7%
家居家装,全友,全友厨房置物架Max,745.78,拼多多,拼多多旗舰店,96.9%
家居家装,全友,全友厨房置物架Pro 2024,4517.14,苏宁易购,京东自营,92.5%
家居家装,全友,全友厨房置物架Pro 2025,4002.03,京东,京东自营,91.9%
家居家装,全友,全友台灯Max 2024,4634.55,京东,淘宝店铺,90.4%
家居家装,全友,全友台灯旗舰版 2024,2765.0,天猫,拼多多旗舰店,90.1%
家居家装,全友,全友台灯标准版 2024,6053.81,淘宝,抖音商城,92.4%
家居家装,全友,全友床垫Pro 2025,247.03,天猫,天猫旗舰店,97.8%
家居家装,全友,全友床垫Pro 2025,6303.32,苏宁易购,抖音商城,96.0%
家居家装,全友,全友床垫升级版 2024,4265.38,苏宁易购,淘宝店铺,97.5%
家居家装,全友,全友插排Max 2024,3855.5,苏宁易购,京东自营,96.5%
家居家装,全友,全友插排旗舰版 2024,3477.27,淘宝,拼多多旗舰店,98.3%
家居家装,全友,全友插排青春版,4158.89,苏宁易购,快手小店,91.8%
家居家装,全友,全友沙发Max 2024,2053.78,苏宁易购,拼多多旗舰店,93.9%
家居家装,全友,全友沙发Pro,1726.49,天猫,京东自营,96.7%
家居家装,全友,全友沙发升级版 2024,1099.65,拼多多,快手小店,95.6%
家居家装,全友,全友沙发经典款,1439.16,天猫,拼多多旗舰店,95.8%
家居家装,全友,全友窗帘Max 2025,9456.74,天猫,淘宝店铺,92.4%
家居家装,全友,全友窗帘Max 2025,1225.37,京东,抖音商城,93.7%
家居家装,全友,全友窗帘旗舰版 2025,2929.23,天猫,拼多多旗舰店,99.1%
家居家装,全友,全友衣柜升级版,1304.31,京东,拼多多旗舰店,94.1%
家居家装,全友,全友衣柜升级版,8705.56,拼多多,天猫旗舰店,93.1%
家居家装,全友,全友衣柜经典款,1161.05,天猫,京东自营,93.2%
家居家装,全友,全友衣柜青春版 2025,9391.52,苏宁易购,快手小店,95.8%
家居家装,公牛,公牛书桌升级版,1716.6,京东,京东自营,99.3%
家居家装,公牛,公牛书桌升级版 2024,7970.46,苏宁易购,拼多多旗舰店,93.0%
家居家装,公牛,公牛书桌升级版 2024,9550.23,苏宁易购,天猫旗舰店,94.8%
家居家装,公牛,公牛厨房置物架Pro 2024,5030.74,淘宝,快手小店,96.8%
家居家装,公牛,公牛厨房置物架旗舰版 2025,8492.69,京东,抖音商城,98.2%
家居家装,公牛,公牛厨房置物架青春版 2024,6315.67,淘宝,快手小店,92.1%
家居家装,公牛,公牛台灯Pro,2920.11,淘宝,快手小店,91.1%
家居家装,公牛,公牛台灯旗舰版 2025,9662.02,天猫,天猫旗舰店,94.3%
家居家装,公牛,公牛台灯青春版 2025,660.64,拼多多,快手小店,93.4%
家居家装,公牛,公牛床垫Max,6072.92,苏宁易购,京东自营,94.0%
家居家装,公牛,公牛床垫旗舰版,46.24,淘宝,京东自营,96.3%
家居家装,公牛,公牛床垫旗舰版 2024,8735.37,淘宝,快手小店,99.6%
家居家装,公牛,公牛插排Pro 2024,5774.94,京东,抖音商城,90.0%
家居家装,公牛,公牛插排青春版,7449.26,淘宝,天猫旗舰店,91.1%
家居家装,公牛,公牛插排青春版,8472.63,淘宝,淘宝店铺,99.7%
家居家装,公牛,公牛沙发Pro 2024,9390.82,拼多多,快手小店,99.3%
家居家装,公牛,公牛沙发升级版 2025,8763.32,苏宁易购,京东自营,97.8%
家居家装,公牛,公牛沙发旗舰版,7346.03,天猫,快手小店,92.9%
家居家装,公牛,公牛窗帘Max,5389.32,天猫,淘宝店铺,94.6%
家居家装,公牛,公牛窗帘升级版 2024,6803.93,淘宝,天猫旗舰店,91.5%
家居家装,公牛,公牛窗帘旗舰版,5204.2,天猫,京东自营,96.0%
家居家装,公牛,公牛衣柜Max 2025,306.75,淘宝,拼多多旗舰店,99.2%
家居家装,公牛,公牛衣柜Pro,7195.24,京东,快手小店,96.6%
家居家装,公牛,公牛衣柜升级版 2025,6340.35,淘宝,天猫旗舰店,94.9%
家居家装,宜家,宜家书桌Max 2024,1965.94,天猫,京东自营,92.0%
家居家装,宜家,宜家书桌Pro,6682.92,拼多多,抖音商城,96.9%
家居家装,宜家,宜家书桌旗舰版 2024,8521.45,淘宝,抖音商城,95.6%
家居家装,宜家,宜家厨房置物架升级版 2025,3790.9,苏宁易购,拼多多旗舰店,93.7%
家居家装,宜家,宜家厨房置物架旗舰版,9210.4,苏宁易购,天猫旗舰店,97.6%
家居家装,宜家,宜家厨房置物架青春版 2024,7898.24,京东,快手小店,93.2%
家居家装,宜家,宜家台灯Max,4011.72,京东,淘宝店铺,98.2%
家居家装,宜家,宜家台灯Max,6318.24,淘宝,京东自营,99.0%
家居家装,宜家,宜家台灯标准版,3588.14,天猫,淘宝店铺,95.5%
家居家装,宜家,宜家床垫升级版,1389.52,天猫,淘宝店铺,90.4%
家居家装,宜家,宜家床垫旗舰版 2025,2573.76,苏宁易购,拼多多旗舰店,94.2%
家居家装,宜家,宜家床垫青春版 2024,5138.05,淘宝,淘宝店铺,96.5%
家居家装,宜家,宜家插排升级版 2024,8476.78,天猫,京东自营,92.4%
家居家装,宜家,宜家插排升级版 2024,9106.92,天猫,拼多多旗舰店,90.2%
家居家装,宜家,宜家插排标准版,1990.08,淘宝,快手小店,91.7%
家居家装,宜家,宜家插排联名款,708.43,京东,拼多多旗舰店,97.2%
家居家装,宜家,宜家沙发Pro 2024,3697.4,苏宁易购,快手小店,90.1%
家居家装,宜家,宜家沙发旗舰版,587.26,苏宁易购,京东自营,95.0%
家居家装,宜家,宜家沙发青春版 2025,7757.55,淘宝,抖音商城,91.5%
家居家装,宜家,宜家窗帘Pro 2024,6613.51,苏宁易购,拼多多旗舰店,99.3%
家居家装,宜家,宜家窗帘旗舰版,3393.42,拼多多,天猫旗舰店,92.1%
家居家装,宜家,宜家窗帘旗舰版,1198.04,天猫,天猫旗舰店,98.7%
家居家装,宜家,宜家窗帘联名款,7561.47,苏宁易购,淘宝店铺,97.8%
家居家装,宜家,宜家衣柜Pro 2024,3295.93,京东,拼多多旗舰店,91.0%
家居家装,宜家,宜家衣柜升级版,6392.45,拼多多,抖音商城,96.9%
家居家装,宜家,宜家衣柜升级版,4814.77,淘宝,快手小店,97.6%
家居家装,林氏木业,林氏木业书桌Max 2025,491.8,苏宁易购,快手小店,96.3%
家居家装,林氏木业,林氏木业书桌旗舰版 2025,6604.84,淘宝,拼多多旗舰店,91.0%
家居家装,林氏木业,林氏木业书桌标准版 2025,61.58,天猫,天猫旗舰店,97.6%
家居家装,林氏木业,林氏木业厨房置物架Max 2025,6410.67,苏宁易购,快手小店,92.3%
家居家装,林氏木业,林氏木业厨房置物架升级版 2025,4293.12,京东,京东自营,92.4%
家居家装,林氏木业,林氏木业厨房置物架标准版,226.79,京东,淘宝店铺,97.5%
家居家装,林氏木业,林氏木业台灯Max,2335.36,淘宝,天猫旗舰店,91.0%
家居家装,林氏木业,林氏木业台灯Pro 2025,6272.84,苏宁易购,拼多多旗舰店,96.2%
家居家装,林氏木业,林氏木业台灯标准版 2024,6544.46,天猫,拼多多旗舰店,90.1%
家居家装,林氏木业,林氏木业台灯经典款,869.61,苏宁易购,快手小店,94.6%
家居家装,林氏木业,林氏木业床垫Max,839.17,拼多多,天猫旗舰店,96.5%
家居家装,林氏木业,林氏木业床垫Max 2024,8417.16,京东,抖音商城,91.7%
家居家装,林氏木业,林氏木业床垫Pro,7094.65,拼多多,拼多多旗舰店,91.4%
家居家装,林氏木业,林氏木业插排升级版,6584.09,苏宁易购,淘宝店铺,92.8%
家居家装,林氏木业,林氏木业插排标准版,8855.43,苏宁易购,拼多多旗舰店,94.1%
家居家装,林氏木业,林氏木业插排标准版 2025,5368.24,苏宁易购,天猫旗舰店,99.8%
家居家装,林氏木业,林氏木业沙发Pro,2178.26,苏宁易购,天猫旗舰店,90.3%
家居家装,林氏木业,林氏木业沙发标准版,2951.74,拼多多,天猫旗舰店,95.3%
家居家装,林氏木业,林氏木业沙发标准版 2025,7638.67,天猫,拼多多旗舰店,96.7%
家居家装,林氏木业,林氏木业窗帘Max,3360.69,苏宁易购,拼多多旗舰店,96.0%
家居家装,林氏木业,林氏木业窗帘Pro,6004.07,拼多多,快手小店,99.7%
家居家装,林氏木业,林氏木业窗帘旗舰版,3330.15,淘宝,快手小店,96.3%
家居家装,林氏木业,林氏木业窗帘限量款,700.29,拼多多,天猫旗舰店,96.8%
家居家装,林氏木业,林氏木业衣柜Pro,2011.66,京东,京东自营,90.2%
家居家装,林氏木业,林氏木业衣柜Pro,6803.72,京东,快手小店,90.6%
家居家装,林氏木业,林氏木业衣柜升级版 2025,1682.8,京东,淘宝店铺,94.1%
家居家装,欧派,欧派书桌升级版,6348.52,天猫,天猫旗舰店,91.4%
家居家装,欧派,欧派书桌升级版 2024,6302.75,拼多多,京东自营,90.6%
家居家装,欧派,欧派书桌标准版,5931.82,天猫,天猫旗舰店,98.2%
家居家装,欧派,欧派厨房置物架Max 2024,7359.87,京东,淘宝店铺,92.4%
家居家装,欧派,欧派厨房置物架升级版 2024,9570.66,淘宝,抖音商城,97.6%
家居家装,欧派,欧派厨房置物架新品,4368.64,拼多多,天猫旗舰店,92.5%
家居家装,欧派,欧派厨房置物架旗舰版 2024,6354.64,京东,快手小店,93.6%
家居家装,欧派,欧派台灯Max 2024,8541.76,淘宝,抖音商城,97.5%
家居家装,欧派,欧派台灯Pro 2024,3786.13,拼多多,抖音商城,94.7%
家居家装,欧派,欧派台灯青春版 2025,4342.37,拼多多,京东自营,91.5%
家居家装,欧派,欧派床垫Pro,2791.81,京东,抖音商城,96.4%
家居家装,欧派,欧派床垫升级版 2024,4994.29,拼多多,天猫旗舰店,92.0%
家居家装,欧派,欧派床垫旗舰版,2391.83,拼多多,快手小店,97.2%
家居家装,欧派,欧派插排Pro,7152.2,天猫,京东自营,91.9%
家居家装,欧派,欧派插排Pro 2024,2842.73,拼多多,京东自营,95.6%
家居家装,欧派,欧派插排青春版,5534.68,拼多多,拼多多旗舰店,91.7%
家居家装,欧派,欧派沙发Max 2025,8129.1,天猫,快手小店,97.4%
家居家装,欧派,欧派沙发Pro 2024,2433.61,天猫,快手小店,95.3%
家居家装,欧派,欧派沙发新品,6825.41,拼多多,淘宝店铺,98.1%
家居家装,欧派,欧派沙发旗舰版 2025,2235.88,苏宁易购,淘宝店铺,98.6%
家居家装,欧派,欧派窗帘Max,9923.85,苏宁易购,天猫旗舰店,91.2%
家居家装,欧派,欧派窗帘Max 2025,3740.48,苏宁易购,京东自营,94.8%
家居家装,欧派,欧派窗帘标准版 2025,7307.0,拼多多,拼多多旗舰店,93.7%
家居家装,欧派,欧派衣柜升级版,4248.38,淘宝,淘宝店铺,96.0%
家居家装,欧派,欧派衣柜青春版,4270.58,天猫,快手小店,94.6%
家居家装,欧派,欧派衣柜青春版 2024,9676.77,拼多多,京东自营,92.0%
家居家装,索菲亚,索菲亚书桌Pro 2025,2106.9,淘宝,京东自营,97.4%
家居家装,索菲亚,索菲亚书桌升级版 2024,30.76,拼多多,抖音商城,90.7%
家居家装,索菲亚,索菲亚书桌标准版,6366.62,淘宝,天猫旗舰店,97.7%
家居家装,索菲亚,索菲亚厨房置物架Max 2025,6865.87,苏宁易购,拼多多旗舰店,98.6%
家居家装,索菲亚,索菲亚厨房置物架标准版 2024,8706.49,天猫,京东自营,94.0%
家居家装,索菲亚,索菲亚厨房置物架青春版,8691.15,天猫,淘宝店铺,92.8%
家居家装,索菲亚,索菲亚台灯升级版,2604.37,拼多多,拼多多旗舰店,98.9%
家居家装,索菲亚,索菲亚台灯旗舰版 2025,1105.21,京东,淘宝店铺,96.3%
家居家装,索菲亚,索菲亚台灯标准版 2024,1259.82,京东,抖音商城,90.6%
家居家装,索菲亚,索菲亚床垫旗舰版 2025,6768.43,天猫,淘宝店铺,96.9%
家居家装,索菲亚,索菲亚床垫青春版 2024,9442.54,天猫,抖音商城,91.5%
家居家装,索菲亚,索菲亚床垫青春版 2025,8416.69,京东,快手小店,90.1%
家居家装,索菲亚,索菲亚插排Pro,6657.58,京东,京东自营,97.8%
家居家装,索菲亚,索菲亚插排升级版 2024,4859.18,京东,京东自营,97.5%
家居家装,索菲亚,索菲亚插排升级版 2025,7920.2,苏宁易购,淘宝店铺,93.7%
家居家装,索菲亚,索菲亚沙发升级版 2024,1670.58,淘宝,抖音商城,94.2%
家居家装,索菲亚,索菲亚沙发旗舰版 2024,3985.31,京东,抖音商城,95.8%
家居家装,索菲亚,索菲亚沙发青春版 2025,8867.32,拼多多,快手小店,95.8%
家居家装,索菲亚,索菲亚窗帘Max 2024,7572.01,淘宝,淘宝店铺,96.0%
家居家装,索菲亚,索菲亚窗帘Max 2024,6113.32,淘宝,京东自营,99.7%
家居家装,索菲亚,索菲亚窗帘旗舰版 2024,9993.46,淘宝,快手小店,98.1%
家居家装,索菲亚,索菲亚窗帘联名款,1159.67,淘宝,拼多多旗舰店,97.8%
家居家装,索菲亚,索菲亚衣柜Max 2025,2893.79,天猫,淘宝店铺,94.3%
家居家装,索菲亚,索菲亚衣柜Max 2025,8145.67,京东,快手小店,91.8%
家居家装,索菲亚,索菲亚衣柜升级版 2025,1356.17,苏宁易购,京东自营,94.8%
家居家装,雷士照明,雷士照明书桌升级版 2025,6516.96,苏宁易购,京东自营,93.6%
家居家装,雷士照明,雷士照明书桌旗舰版 2024,4583.0,天猫,拼多多旗舰店,91.6%
家居家装,雷士照明,雷士照明书桌旗舰版 2024,2921.16,天猫,快手小店,91.4%
家居家装,雷士照明,雷士照明厨房置物架Max,5195.71,京东,天猫旗舰店,95.8%
家居家装,雷士照明,雷士照明厨房置物架旗舰版,1818.75,天猫,京东自营,95.9%
家居家装,雷士照明,雷士照明厨房置物架青春版 2024,8007.32,天猫,抖音商城,91.2%
家居家装,雷士照明,雷士照明台灯Pro 2025,5967.02,拼多多,快手小店,91.7%
家居家装,雷士照明,雷士照明台灯旗舰版 2024,2461.09,拼多多,拼多多旗舰店,91.2%
家居家装,雷士照明,雷士照明台灯旗舰版 2025,909.68,拼多多,淘宝店铺,94.6%
家居家装,雷士照明,雷士照明床垫Max,9810.73,天猫,快手小店,93.3%
家居家装,雷士照明,雷士照明床垫升级版 2025,7360.48,天猫,拼多多旗舰店,99.1%
家居家装,雷士照明,雷士照明床垫旗舰版 2024,3001.23,天猫,京东自营,98.1%
家居家装,雷士照明,雷士照明插排旗舰版 2025,4459.06,京东,京东自营,90.1%
家居家装,雷士照明,雷士照明插排标准版 2024,6418.83,天猫,京东自营,99.0%
家居家装,雷士照明,雷士照明插排青春版 2025,9872.7,京东,抖音商城,94.7%
家居家装,雷士照明,雷士照明沙发Max,5285.0,天猫,快手小店,92.8%
家居家装,雷士照明,雷士照明沙发青春版 2024,3383.7,淘宝,拼多多旗舰店,96.7%
家居家装,雷士照明,雷士照明沙发青春版 2024,986.64,苏宁易购,京东自营,93.2%
家居家装,雷士照明,雷士照明窗帘Max 2025,212.15,苏宁易购,抖音商城,95.5%
家居家装,雷士照明,雷士照明窗帘升级版 2024,4849.17,拼多多,淘宝店铺,96.4%
家居家装,雷士照明,雷士照明窗帘青春版,1007.82,苏宁易购,天猫旗舰店,90.6%
家居家装,雷士照明,雷士照明衣柜旗舰版,3774.53,天猫,京东自营,99.7%
家居家装,雷士照明,雷士照明衣柜标准版 2024,9741.0,京东,京东自营,91.8%
家居家装,雷士照明,雷士照明衣柜青春版 2025,3394.44,天猫,快手小店,94.3%
家居家装,顾家家居,顾家家居书桌Max 2024,5719.56,淘宝,淘宝店铺,99.3%
家居家装,顾家家居,顾家家居书桌升级版,4528.57,天猫,淘宝店铺,92.3%
家居家装,顾家家居,顾家家居书桌青春版,1356.15,拼多多,抖音商城,90.8%
家居家装,顾家家居,顾家家居厨房置物架Max 2024,8530.79,天猫,抖音商城,90.3%
家居家装,顾家家居,顾家家居厨房置物架升级版 2024,9433.45,淘宝,淘宝店铺,90.1%
家居家装,顾家家居,顾家家居厨房置物架标准版 2024,8459.48,拼多多,天猫旗舰店,94.2%
家居家装,顾家家居,顾家家居台灯标准版,3611.61,淘宝,天猫旗舰店,95.4%
家居家装,顾家家居,顾家家居台灯标准版 2024,9015.33,苏宁易购,抖音商城,92.9%
家居家装,顾家家居,顾家家居台灯青春版 2025,795.34,天猫,京东自营,92.7%
家居家装,顾家家居,顾家家居床垫Pro,8516.4,拼多多,天猫旗舰店,99.6%
家居家装,顾家家居,顾家家居床垫升级版 2025,3889.95,苏宁易购,淘宝店铺,98.7%
家居家装,顾家家居,顾家家居床垫旗舰版,7849.1,苏宁易购,京东自营,97.8%
家居家装,顾家家居,顾家家居插排旗舰版 2024,2511.24,淘宝,天猫旗舰店,97.4%
家居家装,顾家家居,顾家家居插排旗舰版 2025,9978.99,苏宁易购,淘宝店铺,99.9%
家居家装,顾家家居,顾家家居插排标准版 2024,2828.94,拼多多,拼多多旗舰店,93.4%
家居家装,顾家家居,顾家家居沙发Max 2025,4650.24,淘宝,抖音商城,93.2%
家居家装,顾家家居,顾家家居沙发Max 2025,9212.11,京东,天猫旗舰店,95.8%
家居家装,顾家家居,顾家家居沙发旗舰版 2024,7160.05,淘宝,抖音商城,94.9%
家居家装,顾家家居,顾家家居窗帘升级版,7236.79,天猫,抖音商城,92.1%
家居家装,顾家家居,顾家家居窗帘联名款,7426.52,天猫,拼多多旗舰店,96.3%
家居家装,顾家家居,顾家家居窗帘青春版 2025,133.72,天猫,拼多多旗舰店,96.5%
家居家装,顾家家居,顾家家居窗帘青春版 2025,7579.09,拼多多,淘宝店铺,97.2%
家居家装,顾家家居,顾家家居衣柜Max 2024,4683.03,拼多多,淘宝店铺,94.0%
家居家装,顾家家居,顾家家居衣柜Pro,5845.28,苏宁易购,淘宝店铺,94.6%
家居家装,顾家家居,顾家家居衣柜Pro 2024,261.79,淘宝,快手小店,94.4%
家用电器,TCL,TCL冰箱Pro,9397.81,天猫,天猫旗舰店,92.6%
家用电器,TCL,TCL冰箱升级版,16292.8,淘宝,天猫旗舰店,99.2%
家用电器,TCL,TCL冰箱标准版,5895.51,苏宁易购,拼多多旗舰店,93.8%
家用电器,TCL,TCL微波炉Pro 2025,6812.74,苏宁易购,拼多多旗舰店,98.2%
家用电器,TCL,TCL微波炉旗舰版,19599.57,京东,抖音商城,95.8%
家用电器,TCL,TCL微波炉旗舰版 2025,6085.84,淘宝,淘宝店铺,98.1%
家用电器,TCL,TCL洗衣机升级版 2024,19918.91,淘宝,拼多多旗舰店,94.6%
家用电器,TCL,TCL洗衣机标准版,18910.78,天猫,天猫旗舰店,95.0%
家用电器,TCL,TCL洗衣机青春版 2024,1095.84,苏宁易购,快手小店,92.8%
家用电器,TCL,TCL电热水器Pro 2025,18785.91,天猫,抖音商城,97.5%
家用电器,TCL,TCL电热水器旗舰版 2025,2489.77,拼多多,淘宝店铺,99.7%
家用电器,TCL,TCL电热水器标准版 2024,10148.56,淘宝,抖音商城,97.6%
家用电器,TCL,TCL电视Max,11460.5,苏宁易购,淘宝店铺,91.9%
家用电器,TCL,TCL电视升级版 2024,14584.59,淘宝,京东自营,97.6%
家用电器,TCL,TCL电视旗舰版 2024,5806.82,京东,拼多多旗舰店,90.1%
家用电器,TCL,TCL电饭煲Pro 2024,10448.14,苏宁易购,天猫旗舰店,91.5%
家用电器,TCL,TCL电饭煲Pro 2025,6458.19,苏宁易购,快手小店,93.9%
家用电器,TCL,TCL电饭煲青春版 2024,10065.55,天猫,快手小店,90.4%
家用电器,TCL,TCL空气净化器Max 2024,19344.69,苏宁易购,抖音商城,97.8%
家用电器,TCL,TCL空气净化器升级版 2025,1149.43,苏宁易购,快手小店,94.8%
家用电器,TCL,TCL空气净化器旗舰版 2025,15520.42,天猫,京东自营,93.8%
家用电器,TCL,TCL空调Max,13811.75,拼多多,拼多多旗舰店,91.6%
家用电器,TCL,TCL空调Max,6888.63,淘宝,快手小店,91.4%
家用电器,TCL,TCL空调Pro 2024,2727.32,苏宁易购,京东自营,93.7%
家用电器,小天鹅,小天鹅冰箱Pro,13444.21,苏宁易购,京东自营,98.2%
家用电器,小天鹅,小天鹅冰箱升级版 2024,6293.3,拼多多,天猫旗舰店,96.5%
家用电器,小天鹅,小天鹅冰箱青春版 2025,18767.1,拼多多,快手小店,93.1%
家用电器,小天鹅,小天鹅微波炉Max 2025,7559.61,京东,淘宝店铺,93.8%
家用电器,小天鹅,小天鹅微波炉升级版 2024,9056.97,拼多多,京东自营,95.1%
家用电器,小天鹅,小天鹅微波炉升级版 2024,17706.59,拼多多,京东自营,99.2%
家用电器,小天鹅,小天鹅洗衣机升级版,6919.22,天猫,天猫旗舰店,97.6%
家用电器,小天鹅,小天鹅洗衣机升级版,1662.27,京东,抖音商城,98.4%
家用电器,小天鹅,小天鹅洗衣机旗舰版 2025,8542.08,淘宝,淘宝店铺,93.6%
家用电器,小天鹅,小天鹅电热水器升级版 2024,19315.41,天猫,淘宝店铺,97.8%
家用电器,小天鹅,小天鹅电热水器旗舰版 2025,19689.82,淘宝,拼多多旗舰店,94.6%
家用电器,小天鹅,小天鹅电热水器青春版 2024,15079.01,天猫,抖音商城,97.8%
家用电器,小天鹅,小天鹅电视升级版 2025,7614.42,苏宁易购,天猫旗舰店,91.6%
家用电器,小天鹅,小天鹅电视旗舰版 2024,997.17,天猫,拼多多旗舰店,93.6%
家用电器,小天鹅,小天鹅电视青春版 2025,17687.76,淘宝,抖音商城,90.4%
家用电器,小天鹅,小天鹅电饭煲升级版 2024,1165.81,淘宝,抖音商城,94.8%
家用电器,小天鹅,小天鹅电饭煲标准版 2025,16936.88,淘宝,京东自营,98.4%
家用电器,小天鹅,小天鹅电饭煲青春版 2025,8447.79,天猫,抖音商城,91.6%
家用电器,小天鹅,小天鹅空气净化器Max 2024,12355.97,京东,淘宝店铺,99.0%
家用电器,小天鹅,小天鹅空气净化器升级版,6461.27,淘宝,天猫旗舰店,91.0%
家用电器,小天鹅,小天鹅空气净化器升级版,5829.29,天猫,快手小店,98.2%
家用电器,小天鹅,小天鹅空调Max 2024,13618.7,淘宝,京东自营,90.5%
家用电器,小天鹅,小天鹅空调Pro,11215.73,淘宝,快手小店,93.8%
家用电器,小天鹅,小天鹅空调旗舰版 2025,17481.07,苏宁易购,快手小店,93.3%
家用电器,松下,松下冰箱Max,19926.77,拼多多,天猫旗舰店,92.8%
家用电器,松下,松下冰箱Pro,19214.53,天猫,拼多多旗舰店,90.3%
家用电器,松下,松下冰箱青春版 2024,18281.09,淘宝,快手小店,91.2%
家用电器,松下,松下微波炉旗舰版 2024,12337.69,天猫,抖音商城,90.9%
家用电器,松下,松下微波炉青春版,3530.76,苏宁易购,淘宝店铺,96.2%
家用电器,松下,松下微波炉青春版,16526.44,京东,快手小店,90.3%
家用电器,松下,松下洗衣机Pro 2024,17045.56,天猫,淘宝店铺,97.0%
家用电器,松下,松下洗衣机旗舰版 2024,13398.98,苏宁易购,抖音商城,97.0%
家用电器,松下,松下洗衣机标准版,17074.66,拼多多,京东自营,94.5%
家用电器,松下,松下电热水器升级版 2024,12892.27,苏宁易购,淘宝店铺,94.5%
家用电器,松下,松下电热水器升级版 2025,12841.71,天猫,拼多多旗舰店,91.8%
家用电器,松下,松下电热水器旗舰版 2024,10574.57,苏宁易购,京东自营,97.6%
家用电器,松下,松下电视Max,7300.01,拼多多,抖音商城,95.7%
家用电器,松下,松下电视升级版 2025,17698.98,拼多多,快手小店,90.7%
家用电器,松下,松下电视经典款,15239.9,淘宝,快手小店,94.5%
家用电器,松下,松下电视青春版,2540.47,天猫,天猫旗舰店,92.0%
家用电器,松下,松下电饭煲升级版 2024,18702.24,苏宁易购,淘宝店铺,92.2%
家用电器,松下,松下电饭煲标准版 2024,4029.52,淘宝,天猫旗舰店,99.5%
家用电器,松下,松下电饭煲青春版,16648.74,淘宝,天猫旗舰店,95.1%
家用电器,松下,松下空气净化器Pro 2024,4994.72,拼多多,淘宝店铺,98.0%
家用电器,松下,松下空气净化器旗舰版,10025.02,淘宝,快手小店,96.2%
家用电器,松下,松下空气净化器青春版 2024,13066.95,拼多多,抖音商城,97.6%
家用电器,松下,松下空调升级版 2025,7407.95,苏宁易购,京东自营,93.8%
家用电器,松下,松下空调标准版 2025,2865.0,淘宝,快手小店,93.6%
家用电器,松下,松下空调青春版,13621.96,淘宝,拼多多旗舰店,99.4%
家用电器,格力,格力冰箱Pro,8018.8,拼多多,京东自营,97.3%
家用电器,格力,格力冰箱Pro 2024,2513.09,拼多多,天猫旗舰店,94.9%
家用电器,格力,格力冰箱升级版 2024,10711.41,苏宁易购,快手小店,92.3%
家用电器,格力,格力微波炉标准版,7455.82,京东,抖音商城,92.8%
家用电器,格力,格力微波炉青春版 2025,7768.67,京东,拼多多旗舰店,95.7%
家用电器,格力,格力微波炉青春版 2025,3869.32,苏宁易购,天猫旗舰店,96.0%
家用电器,格力,格力洗衣机Max,17259.13,苏宁易购,拼多多旗舰店,95.7%
家用电器,格力,格力洗衣机升级版 2025,9271.13,淘宝,京东自营,96.8%
家用电器,格力,格力洗衣机旗舰版 2025,8428.58,京东,淘宝店铺,91.1%
家用电器,格力,格力电热水器升级版,12098.67,京东,天猫旗舰店,97.5%
家用电器,格力,格力电热水器旗舰版 2024,9347.75,苏宁易购,拼多多旗舰店,95.6%
家用电器,格力,格力电热水器旗舰版 2025,16323.79,天猫,淘宝店铺,92.3%
家用电器,格力,格力电视Max,4963.7,苏宁易购,京东自营,95.8%
家用电器,格力,格力电视Max 2024,14948.14,天猫,京东自营,92.2%
家用电器,格力,格力电视青春版 2025,2394.71,淘宝,淘宝店铺,95.0%
家用电器,格力,格力电饭煲Pro,8867.09,淘宝,淘宝店铺,94.6%
家用电器,格力,格力电饭煲旗舰版 2025,12905.25,淘宝,快手小店,99.8%
家用电器,格力,格力电饭煲青春版,7122.09,拼多多,拼多多旗舰店,90.7%
家用电器,格力,格力空气净化器标准版 2024,2185.58,淘宝,快手小店,98.9%
家用电器,格力,格力空气净化器标准版 2025,12967.55,拼多多,拼多多旗舰店,90.4%
家用电器,格力,格力空气净化器青春版 2025,12245.83,淘宝,拼多多旗舰店,93.6%
家用电器,格力,格力空调Pro 2024,2332.38,苏宁易购,拼多多旗舰店,96.7%
家用电器,格力,格力空调标准版,6118.2,天猫,淘宝店铺,92.1%
家用电器,格力,格力空调经典款,19393.79,苏宁易购,京东自营,94.8%
家用电器,格力,格力空调青春版 2025,6257.29,苏宁易购,京东自营,92.2%
家用电器,海信,海信冰箱Max,19151.29,淘宝,天猫旗舰店,92.8%
家用电器,海信,海信冰箱Pro 2025,9634.23,天猫,拼多多旗舰店,93.7%
家用电器,海信,海信冰箱青春版 2024,10983.45,淘宝,抖音商城,96.7%
家用电器,海信,海信微波炉升级版,19942.8,拼多多,天猫旗舰店,93.9%
家用电器,海信,海信微波炉旗舰版 2024,17549.89,苏宁易购,抖音商城,90.1%
家用电器,海信,海信微波炉标准版 2024,5783.24,苏宁易购,抖音商城,99.8%
家用电器,海信,海信洗衣机Max 2024,11265.89,淘宝,淘宝店铺,99.3%
家用电器,海信,海信洗衣机Pro 2024,14135.38,拼多多,淘宝店铺,96.8%
家用电器,海信,海信洗衣机标准版 2025,13573.48,拼多多,淘宝店铺,93.8%
家用电器,海信,海信电热水器旗舰版,1172.0,拼多多,京东自营,94.1%
家用电器,海信,海信电热水器旗舰版,231.96,天猫,拼多多旗舰店,95.4%
家用电器,海信,海信电热水器青春版,4946.64,苏宁易购,天猫旗舰店,96.6%
家用电器,海信,海信电视Max 2025,5224.54,天猫,抖音商城,94.7%
家用电器,海信,海信电视Pro 2025,13961.92,苏宁易购,快手小店,91.4%
家用电器,海信,海信电视升级版 2024,964.86,京东,淘宝店铺,99.5%
家用电器,海信,海信电饭煲Pro 2025,1304.56,苏宁易购,天猫旗舰店,97.6%
家用电器,海信,海信电饭煲旗舰版 2024,9615.9,淘宝,淘宝店铺,92.0%
家用电器,海信,海信电饭煲青春版 2025,14497.35,天猫,拼多多旗舰店,99.3%
家用电器,海信,海信空气净化器Max,17039.56,天猫,京东自营,94.6%
家用电器,海信,海信空气净化器Pro,14656.34,天猫,京东自营,96.4%
家用电器,海信,海信空气净化器旗舰版 2024,15841.55,天猫,天猫旗舰店,95.6%
家用电器,海信,海信空调升级版 2024,13849.24,苏宁易购,拼多多旗舰店,94.1%
家用电器,海信,海信空调旗舰版 2025,1366.53,天猫,抖音商城,91.4%
家用电器,海信,海信空调青春版 2025,2312.62,淘宝,拼多多旗舰店,90.2%
家用电器,海尔,海尔冰箱Pro 2024,10174.3,京东,快手小店,94.3%
家用电器,海尔,海尔冰箱旗舰版 2025,11024.84,苏宁易购,抖音商城,93.2%
家用电器,海尔,海尔冰箱标准版 2024,12215.87,淘宝,抖音商城,90.7%
家用电器,海尔,海尔微波炉Max 2024,9142.94,淘宝,快手小店,91.6%
家用电器,海尔,海尔微波炉升级版 2025,12710.13,苏宁易购,天猫旗舰店,90.3%
家用电器,海尔,海尔微波炉标准版,17413.17,拼多多,京东自营,95.6%
家用电器,海尔,海尔洗衣机Max 2024,16569.82,京东,淘宝店铺,93.9%
家用电器,海尔,海尔洗衣机Max 2024,13344.69,天猫,快手小店,93.7%
家用电器,海尔,海尔洗衣机旗舰版 2025,14452.09,拼多多,天猫旗舰店,92.1%
家用电器,海尔,海尔电热水器Max 2025,1151.23,淘宝,淘宝店铺,92.8%
家用电器,海尔,海尔电热水器标准版 2024,16926.57,淘宝,抖音商城,93.6%
家用电器,海尔,海尔电热水器标准版 2025,10211.29,拼多多,天猫旗舰店,91.5%
家用电器,海尔,海尔电视Max,1941.64,拼多多,京东自营,90.8%
家用电器,海尔,海尔电视旗舰版 2025,7533.49,京东,抖音商城,91.3%
家用电器,海尔,海尔电视青春版 2025,6679.07,淘宝,快手小店,91.2%
家用电器,海尔,海尔电饭煲升级版 2024,16922.23,苏宁易购,抖音商城,99.6%
家用电器,海尔,海尔电饭煲升级版 2024,14091.62,淘宝,淘宝店铺,93.1%
家用电器,海尔,海尔电饭煲新品,4342.75,拼多多,抖音商城,94.3%
家用电器,海尔,海尔电饭煲旗舰版 2025,11191.42,淘宝,京东自营,96.0%
家用电器,海尔,海尔空气净化器Pro 2025,11975.97,天猫,天猫旗舰店,98.7%
家用电器,海尔,海尔空气净化器青春版,13520.76,拼多多,拼多多旗舰店,92.7%
家用电器,海尔,海尔空气净化器青春版 2024,8358.83,苏宁易购,京东自营,92.1%
家用电器,海尔,海尔空调Max 2024,8599.06,拼多多,京东自营,91.1%
家用电器,海尔,海尔空调旗舰版 2025,6122.39,京东,京东自营,96.4%
家用电器,海尔,海尔空调标准版 2024,10140.27,京东,快手小店,99.4%
家用电器,美的,美的冰箱Max 2024,13498.1,苏宁易购,拼多多旗舰店,96.7%
家用电器,美的,美的冰箱Pro,15839.85,苏宁易购,京东自营,90.1%
家用电器,美的,美的冰箱升级版,17219.99,拼多多,抖音商城,97.2%
家用电器,美的,美的微波炉升级版 2025,185.34,天猫,天猫旗舰店,98.5%
家用电器,美的,美的微波炉联名款,12625.13,苏宁易购,天猫旗舰店,90.3%
家用电器,美的,美的微波炉青春版,11780.43,天猫,淘宝店铺,98.0%
家用电器,美的,美的微波炉青春版 2024,15995.47,京东,天猫旗舰店,91.1%
家用电器,美的,美的洗衣机Max 2025,6133.52,天猫,京东自营,94.0%
家用电器,美的,美的洗衣机旗舰版 2024,2281.84,京东,抖音商城,92.3%
家用电器,美的,美的洗衣机青春版 2024,18315.13,京东,快手小店,92.2%
家用电器,美的,美的电热水器Max 2024,19016.53,京东,快手小店,98.5%
家用电器,美的,美的电热水器Pro 2025,18045.7,京东,拼多多旗舰店,96.4%
家用电器,美的,美的电热水器青春版 2024,18787.98,淘宝,天猫旗舰店,92.8%
家用电器,美的,美的电视升级版 2024,9142.9,苏宁易购,拼多多旗舰店,96.6%
家用电器,美的,美的电视标准版 2024,19918.08,天猫,抖音商城,91.1%
家用电器,美的,美的电视联名款,16530.82,天猫,京东自营,99.8%
家用电器,美的,美的电视青春版 2025,14566.53,京东,拼多多旗舰店,98.8%
家用电器,美的,美的电饭煲Pro,19367.27,拼多多,京东自营,99.4%
家用电器,美的,美的电饭煲Pro,19776.87,天猫,京东自营,97.8%
家用电器,美的,美的电饭煲旗舰版,12879.67,京东,京东自营,95.9%
家用电器,美的,美的电饭煲联名款,14371.87,天猫,拼多多旗舰店,95.6%
家用电器,美的,美的空气净化器升级版 2024,1170.17,苏宁易购,京东自营,97.3%
家用电器,美的,美的空气净化器旗舰版,9592.01,苏宁易购,抖音商城,97.7%
家用电器,美的,美的空气净化器标准版 2024,15826.0,淘宝,京东自营,92.4%
家用电器,美的,美的空调Pro 2025,17423.79,拼多多,京东自营,98.0%
家用电器,美的,美的空调旗舰版 2024,3618.97,苏宁易购,淘宝店铺,91.3%
家用电器,美的,美的空调青春版 2025,18279.99,淘宝,拼多多旗舰店,98.2%
家用电器,西门子,西门子冰箱Max,12345.27,拼多多,天猫旗舰店,92.4%
家用电器,西门子,西门子冰箱旗舰版 2025,1830.15,京东,抖音商城,99.6%
家用电器,西门子,西门子冰箱青春版,12685.94,天猫,淘宝店铺,95.7%
家用电器,西门子,西门子微波炉Max,14570.8,苏宁易购,拼多多旗舰店,99.0%
家用电器,西门子,西门子微波炉Max 2025,14388.96,拼多多,淘宝店铺,91.6%
家用电器,西门子,西门子微波炉Pro 2024,2167.62,淘宝,淘宝店铺,93.2%
家用电器,西门子,西门子洗衣机Max,12759.78,淘宝,快手小店,99.7%
家用电器,西门子,西门子洗衣机标准版 2024,15796.89,京东,抖音商城,93.4%
家用电器,西门子,西门子洗衣机青春版 2025,15755.01,京东,拼多多旗舰店,95.0%
家用电器,西门子,西门子电热水器Max 2025,9535.45,天猫,淘宝店铺,90.4%
家用电器,西门子,西门子电热水器Pro,17332.41,京东,淘宝店铺,93.3%
家用电器,西门子,西门子电热水器标准版,17729.65,淘宝,抖音商城,93.1%
家用电器,西门子,西门子电视升级版 2025,9361.06,天猫,天猫旗舰店,96.9%
家用电器,西门子,西门子电视旗舰版 2024,2779.85,淘宝,快手小店,93.5%
家用电器,西门子,西门子电视标准版 2025,15551.9,淘宝,天猫旗舰店,94.5%
家用电器,西门子,西门子电视联名款,9531.04,淘宝,天猫旗舰店,98.0%
家用电器,西门子,西门子电饭煲Max 2024,14898.52,拼多多,淘宝店铺,98.9%
家用电器,西门子,西门子电饭煲升级版 2024,13880.4,苏宁易购,淘宝店铺,93.6%
家用电器,西门子,西门子电饭煲标准版 2025,8563.81,天猫,抖音商城,94.3%
家用电器,西门子,西门子空气净化器Pro 2025,19602.14,京东,快手小店,99.4%
家用电器,西门子,西门子空气净化器升级版 2025,13602.63,天猫,京东自营,94.3%
家用电器,西门子,西门子空气净化器旗舰版 2024,7347.99,天猫,京东自营,97.9%
家用电器,西门子,西门子空调升级版,11033.74,苏宁易购,拼多多旗舰店,97.2%
家用电器,西门子,西门子空调旗舰版 2025,9211.85,拼多多,抖音商城,91.1%
家用电器,西门子,西门子空调标准版 2024,4850.91,天猫,拼多多旗舰店,91.2%
手机数码,Apple,Apple平板电脑升级版 2024,7700.53,京东,天猫旗舰店,98.0%
手机数码,Apple,Apple平板电脑旗舰版 2024,4488.23,淘宝,京东自营,91.5%
手机数码,Apple,Apple平板电脑标准版 2025,2664.01,苏宁易购,拼多多旗舰店,96.4%
手机数码,Apple,Apple无线耳机Pro 2024,2801.64,京东,抖音商城,92.6%
手机数码,Apple,Apple无线耳机升级版,5002.63,淘宝,天猫旗舰店,94.5%
手机数码,Apple,Apple无线耳机升级版 2025,996.26,淘宝,京东自营,96.5%
手机数码,Apple,Apple显示器旗舰版 2024,1538.02,拼多多,京东自营,94.3%
手机数码,Apple,Apple显示器旗舰版 2025,3496.72,天猫,抖音商城,95.0%
手机数码,Apple,Apple显示器标准版 2025,9396.31,苏宁易购,淘宝店铺,96.7%
手机数码,Apple,Apple智能手机Max,483.38,苏宁易购,抖音商城,92.2%
手机数码,Apple,Apple智能手机旗舰版,421.64,天猫,天猫旗舰店,92.7%
手机数码,Apple,Apple智能手机旗舰版,8828.42,京东,抖音商城,98.8%
手机数码,Apple,Apple智能手表标准版 2024,1346.64,苏宁易购,淘宝店铺,98.4%
手机数码,Apple,Apple智能手表标准版 2025,6025.58,拼多多,京东自营,91.2%
手机数码,Apple,Apple智能手表青春版 2024,10798.32,淘宝,抖音商城,96.1%
手机数码,Apple,Apple移动电源Max,3515.95,苏宁易购,抖音商城,92.4%
手机数码,Apple,Apple移动电源Pro 2025,7640.16,拼多多,淘宝店铺,98.9%
手机数码,Apple,Apple移动电源青春版 2025,4158.34,拼多多,快手小店,96.5%
手机数码,Apple,Apple蓝牙音箱Pro 2025,8976.29,淘宝,京东自营,92.2%
手机数码,Apple,Apple蓝牙音箱升级版,10484.09,京东,天猫旗舰店,94.0%
手机数码,Apple,Apple蓝牙音箱旗舰版,6989.4,拼多多,拼多多旗舰店,92.4%
手机数码,Apple,Apple蓝牙音箱限量款,4616.82,淘宝,抖音商城,96.6%
手机数码,Apple,Apple路由器Max 2024,7785.96,淘宝,抖音商城,94.6%
手机数码,Apple,Apple路由器升级版,6671.89,京东,京东自营,90.9%
手机数码,Apple,Apple路由器升级版 2025,2162.77,苏宁易购,京东自营,96.7%
手机数码,OPPO,OPPO平板电脑Pro 2024,7919.09,拼多多,抖音商城,95.1%
手机数码,OPPO,OPPO平板电脑升级版 2024,671.59,苏宁易购,抖音商城,94.3%
手机数码,OPPO,OPPO平板电脑旗舰版 2025,12228.39,天猫,淘宝店铺,97.3%
手机数码,OPPO,OPPO无线耳机Max 2025,12229.69,天猫,抖音商城,96.7%
手机数码,OPPO,OPPO无线耳机升级版 2024,10235.29,淘宝,拼多多旗舰店,96.0%
手机数码,OPPO,OPPO无线耳机青春版 2024,5337.37,淘宝,淘宝店铺,98.3%
手机数码,OPPO,OPPO显示器Max 2025,3185.27,淘宝,天猫旗舰店,94.4%
手机数码,OPPO,OPPO显示器旗舰版 2024,5904.9,淘宝,抖音商城,97.4%
手机数码,OPPO,OPPO显示器旗舰版 2025,5603.96,拼多多,天猫旗舰店,99.0%
手机数码,OPPO,OPPO智能手机Pro,12571.87,苏宁易购,拼多多旗舰店,92.8%
手机数码,OPPO,OPPO智能手机旗舰版 2025,4370.83,淘宝,天猫旗舰店,90.3%
手机数码,OPPO,OPPO智能手机青春版 2024,592.52,淘宝,快手小店,95.9%
手机数码,OPPO,OPPO智能手表Max,12339.48,苏宁易购,淘宝店铺,99.1%
手机数码,OPPO,OPPO智能手表Max 2024,5289.96,天猫,天猫旗舰店,92.9%
手机数码,OPPO,OPPO智能手表旗舰版,9383.83,淘宝,快手小店,93.0%
手机数码,OPPO,OPPO移动电源Max,2002.67,京东,拼多多旗舰店,96.8%
手机数码,OPPO,OPPO移动电源Max 2025,7525.15,拼多多,拼多多旗舰店,97.1%
手机数码,OPPO,OPPO移动电源标准版,12791.77,京东,拼多多旗舰店,96.1%
手机数码,OPPO,OPPO蓝牙音箱Max 2024,8814.59,天猫,快手小店,95.1%
手机数码,OPPO,OPPO蓝牙音箱升级版 2025,4103.41,天猫,京东自营,98.0%
手机数码,OPPO,OPPO蓝牙音箱标准版 2024,6748.33,淘宝,京东自营,96.3%
手机数码,OPPO,OPPO路由器升级版,10472.02,拼多多,京东自营,96.9%
手机数码,OPPO,OPPO路由器旗舰版 2025,12842.81,拼多多,抖音商城,95.9%
手机数码,OPPO,OPPO路由器青春版,11934.36,天猫,拼多多旗舰店,91.2%
手机数码,Samsung,Samsung平板电脑Max 2024,6555.09,京东,抖音商城,94.9%
手机数码,Samsung,Samsung平板电脑标准版 2024,9574.49,京东,京东自营,96.0%
手机数码,Samsung,Samsung平板电脑青春版 2024,5764.08,淘宝,快手小店,94.6%
手机数码,Samsung,Samsung无线耳机Max 2024,8646.33,苏宁易购,京东自营,94.0%
手机数码,Samsung,Samsung无线耳机Pro 2025,1448.34,拼多多,快手小店,91.6%
手机数码,Samsung,Samsung无线耳机旗舰版 2024,12599.81,拼多多,淘宝店铺,94.7%
手机数码,Samsung,Samsung显示器旗舰版,11244.95,拼多多,淘宝店铺,92.7%
手机数码,Samsung,Samsung显示器青春版 2024,10684.09,淘宝,抖音商城,92.8%
手机数码,Samsung,Samsung显示器青春版 2025,6415.36,苏宁易购,拼多多旗舰店,91.5%
手机数码,Samsung,Samsung智能手机升级版,868.33,苏宁易购,快手小店,97.8%
手机数码,Samsung,Samsung智能手机升级版 2024,1579.61,天猫,淘宝店铺,92.2%
手机数码,Samsung,Samsung智能手机旗舰版,12017.45,苏宁易购,快手小店,97.8%
手机数码,Samsung,Samsung智能手表Pro 2025,617.99,拼多多,抖音商城,97.5%
手机数码,Samsung,Samsung智能手表升级版 2025,10882.87,京东,快手小店,95.7%
手机数码,Samsung,Samsung智能手表旗舰版 2024,11916.34,苏宁易购,拼多多旗舰店,91.8%
手机数码,Samsung,Samsung移动电源Max,471.42,天猫,快手小店,96.2%
手机数码,Samsung,Samsung移动电源升级版 2024,7183.93,拼多多,快手小店,99.2%
手机数码,Samsung,Samsung移动电源升级版 2024,7204.82,京东,天猫旗舰店,95.5%
手机数码,Samsung,Samsung蓝牙音箱Max,4156.27,拼多多,抖音商城,93.2%
手机数码,Samsung,Samsung蓝牙音箱标准版 2025,11313.84,京东,天猫旗舰店,94.6%
手机数码,Samsung,Samsung蓝牙音箱青春版 2024,8130.98,拼多多,京东自营,94.9%
手机数码,Samsung,Samsung路由器升级版 2024,7210.32,苏宁易购,抖音商城,93.8%
手机数码,Samsung,Samsung路由器旗舰版 2024,6663.45,拼多多,拼多多旗舰店,92.7%
手机数码,Samsung,Samsung路由器标准版 2024,12316.08,天猫,拼多多旗舰店,96.4%
手机数码,realme,realme平板电脑旗舰版 2025,12751.55,京东,天猫旗舰店,94.9%
手机数码,realme,realme平板电脑青春版 2024,296.98,天猫,京东自营,91.4%
手机数码,realme,realme平板电脑青春版 2025,4381.73,拼多多,京东自营,91.0%
手机数码,realme,realme无线耳机Pro 2024,4934.45,苏宁易购,拼多多旗舰店,91.4%
手机数码,realme,realme无线耳机升级版 2025,3962.11,淘宝,京东自营,90.3%
手机数码,realme,realme无线耳机旗舰版,5697.23,京东,拼多多旗舰店,91.0%
手机数码,realme,realme显示器Pro,8311.37,天猫,快手小店,96.1%
手机数码,realme,realme显示器标准版 2025,8436.79,拼多多,京东自营,93.1%
手机数码,realme,realme显示器青春版 2024,9546.44,淘宝,淘宝店铺,90.9%
手机数码,realme,realme智能手机Pro 2024,7218.73,拼多多,淘宝店铺,95.4%
手机数码,realme,realme智能手机Pro 2025,6200.39,拼多多,拼多多旗舰店,99.0%
手机数码,realme,realme智能手机升级版 2025,3179.59,拼多多,京东自营,93.8%
手机数码,realme,realme智能手表Max 2024,4466.44,京东,淘宝店铺,96.9%
手机数码,realme,realme智能手表新品,8882.91,苏宁易购,淘宝店铺,96.2%
手机数码,realme,realme智能手表旗舰版 2025,5001.12,拼多多,抖音商城,93.1%
手机数码,realme,realme智能手表标准版 2025,981.63,淘宝,天猫旗舰店,96.2%
手机数码,realme,realme移动电源Pro 2025,7150.12,淘宝,抖音商城,90.7%
手机数码,realme,realme移动电源Pro 2025,12509.18,拼多多,淘宝店铺,96.8%
手机数码,realme,realme移动电源升级版 2024,11107.03,拼多多,抖音商城,91.1%
手机数码,realme,realme蓝牙音箱Max 2025,8911.44,苏宁易购,天猫旗舰店,94.9%
手机数码,realme,realme蓝牙音箱升级版 2024,8327.97,京东,拼多多旗舰店,94.5%
手机数码,realme,realme蓝牙音箱青春版 2025,10322.5,京东,抖音商城,91.7%
手机数码,realme,realme路由器Max 2024,203.46,京东,抖音商城,98.6%
手机数码,realme,realme路由器Pro 2025,3915.75,京东,快手小店,96.9%
手机数码,realme,realme路由器旗舰版 2024,10842.62,天猫,抖音商城,98.9%
手机数码,vivo,vivo平板电脑Max,12260.37,拼多多,拼多多旗舰店,93.0%
手机数码,vivo,vivo平板电脑Max 2025,12303.2,苏宁易购,拼多多旗舰店,90.2%
手机数码,vivo,vivo平板电脑青春版 2025,9575.78,天猫,拼多多旗舰店,97.9%
手机数码,vivo,vivo无线耳机Max 2024,2829.42,拼多多,淘宝店铺,93.2%
手机数码,vivo,vivo无线耳机Max 2024,10869.35,苏宁易购,京东自营,94.7%
手机数码,vivo,vivo无线耳机旗舰版 2024,1849.52,京东,淘宝店铺,94.6%
手机数码,vivo,vivo无线耳机联名款,6963.5,淘宝,天猫旗舰店,98.7%
手机数码,vivo,vivo显示器Max 2024,8298.05,天猫,拼多多旗舰店,98.2%
手机数码,vivo,vivo显示器Max 2024,5717.91,淘宝,淘宝店铺,97.2%
手机数码,vivo,vivo显示器升级版 2025,6829.53,苏宁易购,抖音商城,96.4%
手机数码,vivo,vivo智能手机Max 2024,7098.68,天猫,拼多多旗舰店,94.1%
手机数码,vivo,vivo智能手机Pro 2024,4223.25,天猫,天猫旗舰店,95.3%
手机数码,vivo,vivo智能手机升级版 2024,9050.95,京东,拼多多旗舰店,97.0%
手机数码,vivo,vivo智能手机联名款,718.24,淘宝,京东自营,92.6%
手机数码,vivo,vivo智能手表升级版 2024,5721.28,淘宝,快手小店,90.3%
手机数码,vivo,vivo智能手表旗舰版 2024,9440.94,天猫,抖音商城,98.3%
手机数码,vivo,vivo智能手表青春版,11798.38,京东,京东自营,95.9%
手机数码,vivo,vivo移动电源Max 2024,12243.97,苏宁易购,快手小店,92.0%
手机数码,vivo,vivo移动电源Pro,7564.03,苏宁易购,快手小店,99.2%
手机数码,vivo,vivo移动电源Pro 2024,2263.48,京东,天猫旗舰店,96.0%
手机数码,vivo,vivo蓝牙音箱Max 2025,1574.62,拼多多,快手小店,99.4%
手机数码,vivo,vivo蓝牙音箱Pro,8485.86,京东,京东自营,97.7%
手机数码,vivo,vivo蓝牙音箱升级版,10925.05,天猫,天猫旗舰店,96.2%
手机数码,vivo,vivo路由器旗舰版,1413.53,苏宁易购,京东自营,97.6%
手机数码,vivo,vivo路由器青春版,4577.93,淘宝,京东自营,94.2%
手机数码,vivo,vivo路由器青春版 2025,4500.88,拼多多,京东自营,98.4%
手机数码,华为,华为平板电脑升级版,3206.24,京东,京东自营,95.6%
手机数码,华为,华为平板电脑升级版 2025,6230.14,淘宝,抖音商城,95.4%
手机数码,华为,华为平板电脑旗舰版 2024,10625.7,苏宁易购,天猫旗舰店,99.7%
手机数码,华为,华为无线耳机旗舰版 2024,2862.65,苏宁易购,抖音商城,91.3%
手机数码,华为,华为无线耳机标准版,11188.3,天猫,淘宝店铺,90.7%
手机数码,华为,华为无线耳机青春版,7689.88,京东,天猫旗舰店,90.1%
手机数码,华为,华为显示器Max 2025,12448.4,苏宁易购,快手小店,99.9%
手机数码,华为,华为显示器旗舰版 2024,2095.88,京东,抖音商城,92.9%
手机数码,华为,华为显示器旗舰版 2025,885.35,京东,抖音商城,93.1%
手机数码,华为,华为智能手机升级版 2024,9935.39,苏宁易购,京东自营,95.3%
手机数码,华为,华为智能手机标准版 2025,3948.94,苏宁易购,天猫旗舰店,96.3%
手机数码,华为,华为智能手机青春版 2024,6402.01,淘宝,淘宝店铺,91.1%
手机数码,华为,华为智能手表Max,3296.98,京东,抖音商城,90.6%
手机数码,华为,华为智能手表Pro 2024,12936.43,拼多多,抖音商城,96.4%
手机数码,华为,华为智能手表青春版 2024,12539.28,天猫,快手小店,99.2%
手机数码,华为,华为移动电源旗舰版 2024,10426.64,天猫,天猫旗舰店,91.1%
手机数码,华为,华为移动电源标准版 2024,10522.49,京东,京东自营,98.5%
手机数码,华为,华为移动电源青春版 2024,1907.35,拼多多,天猫旗舰店,91.8%
手机数码,华为,华为蓝牙音箱Max,10220.59,天猫,京东自营,98.0%
手机数码,华为,华为蓝牙音箱标准版 2025,5659.56,拼多多,快手小店,94.2%
手机数码,华为,华为蓝牙音箱标准版 2025,8528.58,京东,拼多多旗舰店,96.4%
手机数码,华为,华为路由器Max,12809.48,拼多多,淘宝店铺,92.6%
手机数码,华为,华为路由器Max 2024,6308.52,京东,天猫旗舰店,98.6%
手机数码,华为,华为路由器旗舰版 2025,10883.76,天猫,天猫旗舰店,99.6%
手机数码,小米,小米平板电脑Max 2025,7628.37,淘宝,天猫旗舰店,95.2%
手机数码,小米,小米平板电脑旗舰版 2024,5997.2,京东,京东自营,99.2%
手机数码,小米,小米平板电脑旗舰版 2025,4151.97,天猫,快手小店,92.6%
手机数码,小米,小米无线耳机Pro 2024,7901.3,天猫,快手小店,97.1%
手机数码,小米,小米无线耳机旗舰版 2025,199.92,淘宝,快手小店,98.1%
手机数码,小米,小米无线耳机标准版,3510.61,苏宁易购,天猫旗舰店,98.8%
手机数码,小米,小米显示器Pro,2974.71,拼多多,淘宝店铺,96.5%
手机数码,小米,小米显示器旗舰版,3540.79,京东,拼多多旗舰店,97.8%
手机数码,小米,小米显示器标准版 2024,2968.39,拼多多,淘宝店铺,98.1%
手机数码,小米,小米智能手机Max 2025,11959.09,京东,抖音商城,95.3%
手机数码,小米,小米智能手机标准版,982.93,天猫,拼多多旗舰店,90.7%
手机数码,小米,小米智能手机标准版 2025,3275.18,苏宁易购,京东自营,95.9%
手机数码,小米,小米智能手表Max 2025,12979.06,京东,抖音商城,99.9%
手机数码,小米,小米智能手表Pro 2024,2133.93,淘宝,抖音商城,98.3%
手机数码,小米,小米智能手表升级版 2025,3520.09,京东,天猫旗舰店,99.2%
手机数码,小米,小米移动电源Pro 2024,11695.86,京东,淘宝店铺,97.9%
手机数码,小米,小米移动电源标准版,1069.65,天猫,抖音商城,98.7%
手机数码,小米,小米移动电源标准版 2024,7613.37,天猫,京东自营,91.5%
手机数码,小米,小米蓝牙音箱旗舰版 2024,6618.78,京东,京东自营,92.5%
手机数码,小米,小米蓝牙音箱旗舰版 2024,10797.59,淘宝,天猫旗舰店,90.4%
手机数码,小米,小米蓝牙音箱旗舰版 2024,2183.41,拼多多,抖音商城,94.4%
手机数码,小米,小米蓝牙音箱联名款,2586.7,京东,抖音商城,90.2%
手机数码,小米,小米路由器Max,2412.75,拼多多,快手小店,99.2%
手机数码,小米,小米路由器升级版 2025,3317.93,苏宁易购,拼多多旗舰店,91.0%
手机数码,小米,小米路由器青春版 2025,2092.74,天猫,天猫旗舰店,99.2%
手机数码,荣耀,荣耀平板电脑Max 2025,9281.77,京东,京东自营,94.4%
手机数码,荣耀,荣耀平板电脑升级版 2025,5341.92,天猫,快手小店,95.5%
手机数码,荣耀,荣耀平板电脑旗舰版 2024,7268.7,天猫,京东自营,95.1%
手机数码,荣耀,荣耀无线耳机Pro,10839.91,淘宝,天猫旗舰店,92.9%
手机数码,荣耀,荣耀无线耳机升级版 2025,6345.16,苏宁易购,抖音商城,97.2%
手机数码,荣耀,荣耀无线耳机旗舰版,4169.57,天猫,天猫旗舰店,97.4%
手机数码,荣耀,荣耀显示器Pro,3085.04,拼多多,京东自营,97.0%
手机数码,荣耀,荣耀显示器旗舰版,3512.94,天猫,天猫旗舰店,90.8%
手机数码,荣耀,荣耀显示器青春版,2118.27,苏宁易购,拼多多旗舰店,94.0%
手机数码,荣耀,荣耀智能手机Max,4676.24,淘宝,抖音商城,92.6%
手机数码,荣耀,荣耀智能手机升级版,3697.17,拼多多,抖音商城,94.5%
手机数码,荣耀,荣耀智能手机青春版 2025,4987.96,淘宝,天猫旗舰店,90.3%
手机数码,荣耀,荣耀智能手表Max 2025,6947.89,苏宁易购,淘宝店铺,94.2%
手机数码,荣耀,荣耀智能手表Pro,5315.77,苏宁易购,淘宝店铺,92.4%
手机数码,荣耀,荣耀智能手表Pro 2025,5952.31,天猫,京东自营,93.0%
手机数码,荣耀,荣耀移动电源Max,7542.57,天猫,天猫旗舰店,96.8%
手机数码,荣耀,荣耀移动电源标准版 2024,12238.72,京东,拼多多旗舰店,94.7%
手机数码,荣耀,荣耀移动电源青春版 2024,1197.83,苏宁易购,拼多多旗舰店,92.5%
手机数码,荣耀,荣耀蓝牙音箱Pro,9232.44,京东,京东自营,91.3%
手机数码,荣耀,荣耀蓝牙音箱标准版 2025,3766.98,淘宝,天猫旗舰店,94.7%
手机数码,荣耀,荣耀蓝牙音箱青春版 2024,9095.68,拼多多,京东自营,91.3%
手机数码,荣耀,荣耀路由器Max 2024,3934.86,拼多多,淘宝店铺,95.8%
手机数码,荣耀,荣耀路由器青春版 2025,10299.56,苏宁易购,拼多多旗舰店,92.2%
手机数码,荣耀,荣耀路由器青春版 2025,875.97,京东,天猫旗舰店,99.5%
服饰鞋包,Adidas,AdidasT恤Max,197.02,京东,快手小店,96.4%
服饰鞋包,Adidas,AdidasT恤青春版 2025,3324.4,淘宝,抖音商城,98.3%
服饰鞋包,Adidas,AdidasT恤青春版 2025,727.45,淘宝,抖音商城,96.5%
服饰鞋包,Adidas,Adidas休闲鞋Pro,2730.14,拼多多,拼多多旗舰店,93.3%
服饰鞋包,Adidas,Adidas休闲鞋升级版,1279.33,拼多多,淘宝店铺,97.8%
服饰鞋包,Adidas,Adidas休闲鞋青春版,2278.59,淘宝,拼多多旗舰店,93.6%
服饰鞋包,Adidas,Adidas卫衣Max 2024,3107.08,京东,天猫旗舰店,94.8%
服饰鞋包,Adidas,Adidas卫衣升级版 2024,2943.84,京东,京东自营,96.2%
服饰鞋包,Adidas,Adidas卫衣旗舰版 2025,363.62,天猫,抖音商城,92.8%
服饰鞋包,Adidas,Adidas双肩包升级版 2024,956.73,天猫,京东自营,92.6%
服饰鞋包,Adidas,Adidas双肩包旗舰版,2953.24,淘宝,京东自营,94.8%
服饰鞋包,Adidas,Adidas双肩包旗舰版,2089.83,拼多多,拼多多旗舰店,97.8%
服饰鞋包,Adidas,Adidas双肩包限量款,2650.54,天猫,快手小店,90.8%
服饰鞋包,Adidas,Adidas牛仔裤Pro,1879.22,拼多多,淘宝店铺,95.1%
服饰鞋包,Adidas,Adidas牛仔裤升级版 2025,594.87,苏宁易购,抖音商城,91.6%
服饰鞋包,Adidas,Adidas牛仔裤青春版,2663.21,苏宁易购,快手小店,98.4%
服饰鞋包,Adidas,Adidas羽绒服升级版,2223.31,苏宁易购,拼多多旗舰店,95.4%
服饰鞋包,Adidas,Adidas羽绒服旗舰版,1487.64,苏宁易购,快手小店,92.2%
服饰鞋包,Adidas,Adidas羽绒服青春版 2025,162.53,拼多多,抖音商城,95.8%
服饰鞋包,Adidas,Adidas跑步鞋Max 2024,3275.26,拼多多,抖音商城,93.4%
服饰鞋包,Adidas,Adidas跑步鞋旗舰版,2084.99,天猫,抖音商城,93.7%
服饰鞋包,Adidas,Adidas跑步鞋标准版 2025,3531.86,天猫,京东自营,94.4%
服饰鞋包,Adidas,Adidas运动鞋Pro 2024,1823.56,淘宝,快手小店,96.1%
服饰鞋包,Adidas,Adidas运动鞋升级版 2025,2338.16,淘宝,天猫旗舰店,99.4%
服饰鞋包,Adidas,Adidas运动鞋旗舰版 2025,967.75,京东,天猫旗舰店,92.8%
服饰鞋包,New Balance,New BalanceT恤Max 2024,3474.94,苏宁易购,天猫旗舰店,95.9%
服饰鞋包,New Balance,New BalanceT恤Pro 2024,41.85,拼多多,快手小店,96.3%
服饰鞋包,New Balance,New BalanceT恤标准版 2025,652.9,淘宝,抖音商城,92.9%
服饰鞋包,New Balance,New Balance休闲鞋Max,521.97,天猫,拼多多旗舰店,97.6%
服饰鞋包,New Balance,New Balance休闲鞋Max,2959.97,拼多多,快手小店,90.3%
服饰鞋包,New Balance,New Balance休闲鞋Pro 2024,321.68,天猫,淘宝店铺,94.7%
服饰鞋包,New Balance,New Balance卫衣Pro 2024,667.1,苏宁易购,抖音商城,97.2%
服饰鞋包,New Balance,New Balance卫衣标准版 2024,1944.67,淘宝,京东自营,93.0%
服饰鞋包,New Balance,New Balance卫衣标准版 2025,2676.39,拼多多,快手小店,92.1%
服饰鞋包,New Balance,New Balance双肩包Max,2283.14,淘宝,快手小店,95.4%
服饰鞋包,New Balance,New Balance双肩包旗舰版,123.56,天猫,淘宝店铺,93.7%
服饰鞋包,New Balance,New Balance双肩包标准版 2024,2837.24,苏宁易购,快手小店,95.5%
服饰鞋包,New Balance,New Balance牛仔裤Pro,1023.94,苏宁易购,淘宝店铺,94.9%
服饰鞋包,New Balance,New Balance牛仔裤升级版 2024,960.39,淘宝,拼多多旗舰店,99.7%
服饰鞋包,New Balance,New Balance牛仔裤旗舰版,275.71,苏宁易购,京东自营,96.4%
服饰鞋包,New Balance,New Balance羽绒服旗舰版,3893.17,拼多多,淘宝店铺,92.3%
服饰鞋包,New Balance,New Balance羽绒服标准版,3184.79,拼多多,天猫旗舰店,95.8%
服饰鞋包,New Balance,New Balance羽绒服标准版,2340.07,苏宁易购,天猫旗舰店,96.8%
服饰鞋包,New Balance,New Balance跑步鞋Pro 2025,289.83,拼多多,天猫旗舰店,99.6%
服饰鞋包,New Balance,New Balance跑步鞋升级版,2493.15,苏宁易购,天猫旗舰店,93.6%
服饰鞋包,New Balance,New Balance跑步鞋青春版 2025,2009.29,苏宁易购,淘宝店铺,95.5%
服饰鞋包,New Balance,New Balance运动鞋Max 2024,3150.47,淘宝,拼多多旗舰店,94.9%
服饰鞋包,New Balance,New Balance运动鞋旗舰版,1346.78,天猫,京东自营,98.4%
服饰鞋包,New Balance,New Balance运动鞋标准版,396.18,天猫,淘宝店铺,90.1%
服饰鞋包,Nike,NikeT恤Max 2025,2207.2,天猫,快手小店,90.8%
服饰鞋包,Nike,NikeT恤旗舰版 2025,1400.65,苏宁易购,天猫旗舰店,94.1%
服饰鞋包,Nike,NikeT恤青春版 2025,598.84,苏宁易购,抖音商城,90.4%
服饰鞋包,Nike,Nike休闲鞋青春版,3793.92,苏宁易购,抖音商城,91.7%
服饰鞋包,Nike,Nike休闲鞋青春版 2024,1966.75,天猫,淘宝店铺,92.9%
服饰鞋包,Nike,Nike休闲鞋青春版 2025,1159.0,淘宝,抖音商城,99.0%
服饰鞋包,Nike,Nike卫衣Max,853.1,拼多多,快手小店,98.2%
服饰鞋包,Nike,Nike卫衣标准版 2025,298.27,天猫,快手小店,96.6%
服饰鞋包,Nike,Nike卫衣标准版 2025,2755.73,淘宝,京东自营,90.2%
服饰鞋包,Nike,Nike双肩包Max 2025,161.04,天猫,天猫旗舰店,91.5%
服饰鞋包,Nike,Nike双肩包升级版 2024,2721.06,淘宝,京东自营,99.1%
服饰鞋包,Nike,Nike双肩包旗舰版 2024,3194.21,淘宝,快手小店,98.4%
服饰鞋包,Nike,Nike牛仔裤Pro 2025,381.56,拼多多,拼多多旗舰店,97.6%
服饰鞋包,Nike,Nike牛仔裤旗舰版,1455.49,淘宝,快手小店,95.0%
服饰鞋包,Nike,Nike牛仔裤标准版 2025,2891.33,苏宁易购,京东自营,90.6%
服饰鞋包,Nike,Nike羽绒服Max 2024,1291.96,京东,抖音商城,93.9%
服饰鞋包,Nike,Nike羽绒服标准版,253.9,苏宁易购,京东自营,97.9%
服饰鞋包,Nike,Nike羽绒服青春版,3646.51,拼多多,快手小店,94.0%
服饰鞋包,Nike,Nike跑步鞋升级版,913.32,天猫,京东自营,98.3%
服饰鞋包,Nike,Nike跑步鞋升级版 2025,3205.65,苏宁易购,拼多多旗舰店,98.4%
服饰鞋包,Nike,Nike跑步鞋旗舰版 2025,328.65,淘宝,京东自营,96.6%
服饰鞋包,Nike,Nike运动鞋Pro 2024,3666.09,拼多多,淘宝店铺,99.4%
服饰鞋包,Nike,Nike运动鞋旗舰版 2025,3676.68,京东,快手小店,92.4%
服饰鞋包,Nike,Nike运动鞋青春版 2025,73.86,拼多多,天猫旗舰店,96.6%
服饰鞋包,PUMA,PUMAT恤Pro,1228.32,淘宝,京东自营,92.2%
服饰鞋包,PUMA,PUMAT恤升级版,188.44,天猫,淘宝店铺,93.5%
服饰鞋包,PUMA,PUMAT恤旗舰版 2024,3678.68,苏宁易购,抖音商城,95.1%
服饰鞋包,PUMA,PUMA休闲鞋Max,1892.51,淘宝,抖音商城,96.3%
服饰鞋包,PUMA,PUMA休闲鞋Max 2025,2509.92,京东,淘宝店铺,95.8%
服饰鞋包,PUMA,PUMA休闲鞋升级版 2025,2881.67,天猫,快手小店,90.1%
服饰鞋包,PUMA,PUMA卫衣Pro 2025,199.99,淘宝,京东自营,90.7%
服饰鞋包,PUMA,PUMA卫衣升级版 2025,423.59,苏宁易购,拼多多旗舰店,97.2%
服饰鞋包,PUMA,PUMA卫衣旗舰版 2024,3294.23,京东,抖音商城,97.9%
服饰鞋包,PUMA,PUMA卫衣经典款,3643.9,淘宝,淘宝店铺,93.9%
服饰鞋包,PUMA,PUMA双肩包Pro 2024,3847.14,拼多多,京东自营,94.4%
服饰鞋包,PUMA,PUMA双肩包升级版 2025,2199.68,苏宁易购,快手小店,93.7%
服饰鞋包,PUMA,PUMA双肩包旗舰版,3931.51,苏宁易购,天猫旗舰店,95.9%
服饰鞋包,PUMA,PUMA牛仔裤Pro 2024,3065.17,淘宝,抖音商城,94.3%
服饰鞋包,PUMA,PUMA牛仔裤升级版 2025,1629.17,天猫,抖音商城,93.3%
服饰鞋包,PUMA,PUMA牛仔裤青春版 2024,3735.74,苏宁易购,淘宝店铺,98.9%
服饰鞋包,PUMA,PUMA羽绒服升级版,2122.72,天猫,抖音商城,92.5%
服饰鞋包,PUMA,PUMA羽绒服旗舰版 2024,2821.1,京东,天猫旗舰店,94.2%
服饰鞋包,PUMA,PUMA羽绒服旗舰版 2025,1683.13,苏宁易购,淘宝店铺,91.0%
服饰鞋包,PUMA,PUMA跑步鞋Pro 2024,723.69,苏宁易购,京东自营,98.2%
服饰鞋包,PUMA,PUMA跑步鞋Pro 2025,1028.43,淘宝,京东自营,92.5%
服饰鞋包,PUMA,PUMA跑步鞋青春版 2024,2292.5,京东,快手小店,92.2%
服饰鞋包,PUMA,PUMA运动鞋Pro 2024,2576.98,苏宁易购,快手小店,91.1%
服饰鞋包,PUMA,PUMA运动鞋标准版,3346.37,京东,天猫旗舰店,91.3%
服饰鞋包,PUMA,PUMA运动鞋标准版 2024,797.8,拼多多,快手小店,90.3%
服饰鞋包,ZARA,ZARAT恤Max,3418.79,淘宝,京东自营,91.8%
服饰鞋包,ZARA,ZARAT恤升级版 2024,352.67,苏宁易购,抖音商城,96.2%
服饰鞋包,ZARA,ZARAT恤旗舰版 2025,1115.59,苏宁易购,淘宝店铺,96.4%
服饰鞋包,ZARA,ZARA休闲鞋升级版 2024,446.92,拼多多,抖音商城,90.6%
服饰鞋包,ZARA,ZARA休闲鞋标准版,2920.98,京东,天猫旗舰店,96.6%
服饰鞋包,ZARA,ZARA休闲鞋标准版,3091.9,京东,京东自营,95.2%
服饰鞋包,ZARA,ZARA卫衣Pro 2025,653.89,拼多多,淘宝店铺,96.5%
服饰鞋包,ZARA,ZARA卫衣升级版,2959.87,天猫,天猫旗舰店,94.4%
服饰鞋包,ZARA,ZARA卫衣青春版,152.14,淘宝,拼多多旗舰店,96.6%
服饰鞋包,ZARA,ZARA双肩包Max,685.55,拼多多,拼多多旗舰店,97.3%
服饰鞋包,ZARA,ZARA双肩包Pro,3071.84,苏宁易购,天猫旗舰店,97.9%
服饰鞋包,ZARA,ZARA双肩包新品,354.88,淘宝,拼多多旗舰店,96.1%
服饰鞋包,ZARA,ZARA双肩包标准版 2025,1518.63,苏宁易购,拼多多旗舰店,94.1%
服饰鞋包,ZARA,ZARA牛仔裤Pro,1241.15,天猫,淘宝店铺,90.0%
服饰鞋包,ZARA,ZARA牛仔裤Pro 2024,2157.99,拼多多,拼多多旗舰店,96.8%
服饰鞋包,ZARA,ZARA牛仔裤青春版,3225.64,淘宝,拼多多旗舰店,94.4%
服饰鞋包,ZARA,ZARA羽绒服Max 2025,3741.04,天猫,快手小店,95.4%
服饰鞋包,ZARA,ZARA羽绒服青春版,2378.69,苏宁易购,拼多多旗舰店,94.5%
服饰鞋包,ZARA,ZARA羽绒服青春版 2025,2571.53,淘宝,拼多多旗舰店,93.1%
服饰鞋包,ZARA,ZARA跑步鞋升级版,1156.17,拼多多,快手小店,91.2%
服饰鞋包,ZARA,ZARA跑步鞋升级版 2024,115.81,苏宁易购,京东自营,90.5%
服饰鞋包,ZARA,ZARA跑步鞋旗舰版 2024,2485.21,苏宁易购,拼多多旗舰店,92.7%
服饰鞋包,ZARA,ZARA运动鞋Pro 2025,2591.79,拼多多,淘宝店铺,92.7%
服饰鞋包,ZARA,ZARA运动鞋旗舰版 2025,2101.91,天猫,天猫旗舰店,94.5%
服饰鞋包,ZARA,ZARA运动鞋标准版,1399.76,淘宝,快手小店,93.1%
服饰鞋包,优衣库,优衣库T恤Max,1429.32,苏宁易购,天猫旗舰店,96.7%
服饰鞋包,优衣库,优衣库T恤Pro 2025,2246.67,淘宝,京东自营,98.0%
服饰鞋包,优衣库,优衣库T恤限量款,55.46,拼多多,京东自营,90.2%
服饰鞋包,优衣库,优衣库T恤青春版 2025,2612.47,淘宝,淘宝店铺,95.3%
服饰鞋包,优衣库,优衣库休闲鞋Max,3937.2,淘宝,拼多多旗舰店,99.1%
服饰鞋包,优衣库,优衣库休闲鞋升级版 2025,546.85,拼多多,拼多多旗舰店,95.2%
服饰鞋包,优衣库,优衣库休闲鞋标准版 2024,1508.94,苏宁易购,淘宝店铺,93.1%
服饰鞋包,优衣库,优衣库卫衣旗舰版,1541.53,淘宝,抖音商城,91.0%
服饰鞋包,优衣库,优衣库卫衣标准版 2025,2091.09,京东,京东自营,93.1%
服饰鞋包,优衣库,优衣库卫衣青春版,2028.8,天猫,拼多多旗舰店,93.9%
服饰鞋包,优衣库,优衣库双肩包Max 2025,420.36,淘宝,淘宝店铺,97.4%
服饰鞋包,优衣库,优衣库双肩包旗舰版 2024,3148.92,苏宁易购,抖音商城,93.0%
服饰鞋包,优衣库,优衣库双肩包标准版 2024,430.94,天猫,淘宝店铺,91.6%
服饰鞋包,优衣库,优衣库牛仔裤升级版 2025,2755.61,淘宝,天猫旗舰店,98.1%
服饰鞋包,优衣库,优衣库牛仔裤标准版,1708.22,苏宁易购,抖音商城,91.3%
服饰鞋包,优衣库,优衣库牛仔裤青春版 2024,3429.98,天猫,拼多多旗舰店,91.9%
服饰鞋包,优衣库,优衣库羽绒服Pro,2211.31,拼多多,抖音商城,92.3%
服饰鞋包,优衣库,优衣库羽绒服Pro 2024,767.3,拼多多,快手小店,94.2%
服饰鞋包,优衣库,优衣库羽绒服Pro 2024,3422.13,天猫,抖音商城,92.8%
服饰鞋包,优衣库,优衣库跑步鞋Max 2025,1173.63,天猫,天猫旗舰店,96.3%
服饰鞋包,优衣库,优衣库跑步鞋Pro 2025,2060.36,拼多多,京东自营,97.7%
服饰鞋包,优衣库,优衣库跑步鞋旗舰版 2024,1709.39,拼多多,京东自营,96.1%
服饰鞋包,优衣库,优衣库运动鞋升级版,2951.3,天猫,天猫旗舰店,98.6%
服饰鞋包,优衣库,优衣库运动鞋升级版,3350.89,京东,京东自营,93.5%
服饰鞋包,优衣库,优衣库运动鞋标准版 2025,3823.89,京东,抖音商城,94.9%
服饰鞋包,安踏,安踏T恤Max 2024,2084.36,淘宝,天猫旗舰店,90.1%
服饰鞋包,安踏,安踏T恤Max 2025,3452.61,淘宝,京东自营,94.8%
服饰鞋包,安踏,安踏T恤Max 2025,3162.08,天猫,淘宝店铺,92.2%
服饰鞋包,安踏,安踏休闲鞋升级版 2024,3705.41,京东,淘宝店铺,94.3%
服饰鞋包,安踏,安踏休闲鞋升级版 2024,355.96,拼多多,拼多多旗舰店,90.4%
服饰鞋包,安踏,安踏休闲鞋旗舰版 2025,245.13,京东,京东自营,93.9%
服饰鞋包,安踏,安踏卫衣升级版,3143.48,天猫,抖音商城,95.1%
服饰鞋包,安踏,安踏卫衣升级版 2025,1996.7,苏宁易购,淘宝店铺,90.1%
服饰鞋包,安踏,安踏卫衣青春版 2025,2102.18,苏宁易购,京东自营,97.0%
服饰鞋包,安踏,安踏双肩包Max,3038.59,拼多多,快手小店,99.5%
服饰鞋包,安踏,安踏双肩包标准版 2025,1204.24,苏宁易购,淘宝店铺,99.4%
服饰鞋包,安踏,安踏双肩包青春版 2025,1029.56,拼多多,抖音商城,94.4%
服饰鞋包,安踏,安踏牛仔裤Pro 2024,935.13,拼多多,拼多多旗舰店,99.5%
服饰鞋包,安踏,安踏牛仔裤青春版,1072.99,京东,抖音商城,94.0%
服饰鞋包,安踏,安踏牛仔裤青春版 2024,2914.51,苏宁易购,淘宝店铺,95.5%
服饰鞋包,安踏,安踏羽绒服升级版 2025,181.8,京东,天猫旗舰店,92.4%
服饰鞋包,安踏,安踏羽绒服标准版 2024,3126.5,拼多多,拼多多旗舰店,93.5%
服饰鞋包,安踏,安踏羽绒服青春版,2089.26,京东,京东自营,97.3%
服饰鞋包,安踏,安踏跑步鞋Pro,1618.77,淘宝,京东自营,97.4%
服饰鞋包,安踏,安踏跑步鞋升级版 2025,2744.1,拼多多,快手小店,99.0%
服饰鞋包,安踏,安踏跑步鞋青春版,1926.16,苏宁易购,淘宝店铺,93.5%
服饰鞋包,安踏,安踏运动鞋Pro 2025,1615.59,京东,快手小店,91.4%
服饰鞋包,安踏,安踏运动鞋升级版 2024,3140.11,京东,天猫旗舰店,99.4%
服饰鞋包,安踏,安踏运动鞋青春版 2024,3151.88,苏宁易购,快手小店,97.9%
服饰鞋包,李宁,李宁T恤Pro 2024,1473.59,苏宁易购,淘宝店铺,91.5%
服饰鞋包,李宁,李宁T恤青春版,2097.26,天猫,快手小店,93.7%
服饰鞋包,李宁,李宁T恤青春版 2025,1657.24,京东,抖音商城,91.9%
服饰鞋包,李宁,李宁休闲鞋升级版,697.71,苏宁易购,拼多多旗舰店,99.1%
服饰鞋包,李宁,李宁休闲鞋升级版 2025,3339.13,京东,天猫旗舰店,90.2%
服饰鞋包,李宁,李宁休闲鞋联名款,1996.21,淘宝,天猫旗舰店,93.9%
服饰鞋包,李宁,李宁休闲鞋青春版 2025,677.07,京东,抖音商城,96.2%
服饰鞋包,李宁,李宁卫衣升级版 2024,2440.84,拼多多,天猫旗舰店,94.7%
服饰鞋包,李宁,李宁卫衣升级版 2024,2418.32,天猫,抖音商城,97.9%
服饰鞋包,李宁,李宁卫衣青春版 2025,2563.99,淘宝,京东自营,98.7%
服饰鞋包,李宁,李宁双肩包Max,1046.89,京东,淘宝店铺,97.6%
服饰鞋包,李宁,李宁双肩包Max 2024,3503.3,拼多多,天猫旗舰店,96.9%
服饰鞋包,李宁,李宁双肩包Max 2024,1427.05,苏宁易购,京东自营,98.0%
服饰鞋包,李宁,李宁牛仔裤青春版,741.59,苏宁易购,京东自营,98.9%
服饰鞋包,李宁,李宁牛仔裤青春版,3591.0,拼多多,抖音商城,97.7%
服饰鞋包,李宁,李宁牛仔裤青春版 2025,3018.44,天猫,抖音商城,90.9%
服饰鞋包,李宁,李宁羽绒服旗舰版 2025,1086.5,淘宝,拼多多旗舰店,97.2%
服饰鞋包,李宁,李宁羽绒服标准版,2108.94,拼多多,天猫旗舰店,99.0%
服饰鞋包,李宁,李宁羽绒服青春版 2025,311.62,天猫,京东自营,93.7%
服饰鞋包,李宁,李宁跑步鞋Max,1675.38,拼多多,天猫旗舰店,97.8%
服饰鞋包,李宁,李宁跑步鞋Pro 2025,1716.3,淘宝,快手小店,93.6%
服饰鞋包,李宁,李宁跑步鞋Pro 2025,2236.45,淘宝,抖音商城,92.5%
服饰鞋包,李宁,李宁运动鞋旗舰版,1945.81,天猫,抖音商城,94.7%
服饰鞋包,李宁,李宁运动鞋青春版 2025,1151.01,天猫,淘宝店铺,91.5%
服饰鞋包,李宁,李宁运动鞋青春版 2025,3274.14,拼多多,淘宝店铺,96.5%
母婴用品,Babycare,Babycare儿童安全座椅升级版,3734.46,拼多多,拼多多旗舰店,97.6%
母婴用品,Babycare,Babycare儿童安全座椅旗舰版 2025,4046.15,拼多多,抖音商城,98.4%
母婴用品,Babycare,Babycare儿童安全座椅旗舰版 2025,310.63,拼多多,天猫旗舰店,92.0%
母婴用品,Babycare,Babycare奶瓶旗舰版,4345.4,天猫,京东自营,91.1%
母婴用品,Babycare,Babycare奶瓶青春版 2024,198.4,拼多多,抖音商城,96.5%
母婴用品,Babycare,Babycare奶瓶青春版 2024,1341.63,苏宁易购,京东自营,96.9%
母婴用品,Babycare,Babycare婴儿床Pro 2025,2582.15,苏宁易购,天猫旗舰店,96.6%
母婴用品,Babycare,Babycare婴儿床升级版 2025,4810.08,拼多多,淘宝店铺,97.3%
母婴用品,Babycare,Babycare婴儿床标准版 2025,3519.51,苏宁易购,拼多多旗舰店,98.5%
母婴用品,Babycare,Babycare婴儿床联名款,1108.58,淘宝,拼多多旗舰店,92.0%
母婴用品,Babycare,Babycare婴儿床联名款,4465.56,淘宝,抖音商城,93.1%
母婴用品,Babycare,Babycare婴儿湿巾Pro,3078.15,拼多多,天猫旗舰店,93.6%
母婴用品,Babycare,Babycare婴儿湿巾Pro 2024,2856.35,京东,拼多多旗舰店,93.2%
母婴用品,Babycare,Babycare婴儿湿巾标准版 2025,3378.78,苏宁易购,快手小店,93.3%
母婴用品,Babycare,Babycare婴儿车Max 2025,4237.66,苏宁易购,天猫旗舰店,97.8%
母婴用品,Babycare,Babycare婴儿车Pro 2024,249.04,拼多多,天猫旗舰店,99.9%
母婴用品,Babycare,Babycare婴儿车青春版 2025,4789.25,苏宁易购,京东自营,97.1%
母婴用品,Babycare,Babycare婴幼儿奶粉Max 2024,2815.97,京东,拼多多旗舰店,91.5%
母婴用品,Babycare,Babycare婴幼儿奶粉Pro,152.37,淘宝,淘宝店铺,90.4%
母婴用品,Babycare,Babycare婴幼儿奶粉Pro 2024,2959.54,淘宝,淘宝店铺,93.7%
母婴用品,Babycare,Babycare学步车Max,1744.07,淘宝,抖音商城,90.8%
母婴用品,Babycare,Babycare学步车Pro 2024,3320.66,拼多多,拼多多旗舰店,93.1%
母婴用品,Babycare,Babycare学步车青春版 2024,1375.27,苏宁易购,拼多多旗舰店,95.6%
母婴用品,Babycare,Babycare纸尿裤旗舰版,1246.85,苏宁易购,京东自营,96.4%
母婴用品,Babycare,Babycare纸尿裤旗舰版 2025,146.15,淘宝,拼多多旗舰店,98.8%
母婴用品,Babycare,Babycare纸尿裤标准版 2024,1733.23,淘宝,京东自营,93.5%
母婴用品,君乐宝,君乐宝儿童安全座椅旗舰版,4302.73,淘宝,抖音商城,90.7%
母婴用品,君乐宝,君乐宝儿童安全座椅标准版 2024,2135.97,苏宁易购,抖音商城,92.7%
母婴用品,君乐宝,君乐宝儿童安全座椅青春版,3940.22,淘宝,快手小店,90.8%
母婴用品,君乐宝,君乐宝奶瓶Pro,172.06,淘宝,天猫旗舰店,95.6%
母婴用品,君乐宝,君乐宝奶瓶升级版 2024,3601.75,淘宝,天猫旗舰店,96.3%
母婴用品,君乐宝,君乐宝奶瓶标准版 2024,2298.93,淘宝,天猫旗舰店,91.7%
母婴用品,君乐宝,君乐宝婴儿床Max,3951.03,拼多多,快手小店,93.7%
母婴用品,君乐宝,君乐宝婴儿床Max 2025,1532.22,苏宁易购,快手小店,97.0%
母婴用品,君乐宝,君乐宝婴儿床青春版,4881.41,天猫,快手小店,94.6%
母婴用品,君乐宝,君乐宝婴儿湿巾Pro 2025,793.9,苏宁易购,天猫旗舰店,97.9%
母婴用品,君乐宝,君乐宝婴儿湿巾升级版 2025,2373.29,京东,快手小店,94.6%
母婴用品,君乐宝,君乐宝婴儿湿巾青春版 2025,4275.91,苏宁易购,拼多多旗舰店,90.9%
母婴用品,君乐宝,君乐宝婴儿车Max 2025,4363.65,拼多多,抖音商城,92.5%
母婴用品,君乐宝,君乐宝婴儿车升级版 2025,4730.96,京东,拼多多旗舰店,99.0%
母婴用品,君乐宝,君乐宝婴儿车标准版,4955.48,苏宁易购,京东自营,97.3%
母婴用品,君乐宝,君乐宝婴幼儿奶粉Max 2025,590.82,拼多多,抖音商城,98.9%
母婴用品,君乐宝,君乐宝婴幼儿奶粉标准版 2025,273.6,天猫,京东自营,95.3%
母婴用品,君乐宝,君乐宝婴幼儿奶粉青春版 2024,2101.88,淘宝,天猫旗舰店,97.4%
母婴用品,君乐宝,君乐宝学步车Max,426.38,拼多多,天猫旗舰店,97.5%
母婴用品,君乐宝,君乐宝学步车Max 2025,1978.47,京东,拼多多旗舰店,98.0%
母婴用品,君乐宝,君乐宝学步车升级版 2024,1487.11,京东,京东自营,96.4%
母婴用品,君乐宝,君乐宝纸尿裤Max,378.69,京东,拼多多旗舰店,95.8%
母婴用品,君乐宝,君乐宝纸尿裤升级版,4639.37,拼多多,淘宝店铺,94.5%
母婴用品,君乐宝,君乐宝纸尿裤标准版 2024,1147.95,拼多多,天猫旗舰店,92.3%
母婴用品,好奇,好奇儿童安全座椅升级版 2025,967.25,苏宁易购,京东自营,92.8%
母婴用品,好奇,好奇儿童安全座椅新品,4244.33,京东,淘宝店铺,99.3%
母婴用品,好奇,好奇儿童安全座椅旗舰版,4621.15,拼多多,淘宝店铺,99.1%
母婴用品,好奇,好奇儿童安全座椅青春版 2025,352.8,京东,抖音商城,98.1%
母婴用品,好奇,好奇奶瓶Pro,522.76,天猫,天猫旗舰店,91.5%
母婴用品,好奇,好奇奶瓶升级版,694.97,拼多多,拼多多旗舰店,92.8%
母婴用品,好奇,好奇奶瓶青春版 2025,3451.3,苏宁易购,快手小店,99.4%
母婴用品,好奇,好奇婴儿床Pro,4276.57,苏宁易购,天猫旗舰店,97.7%
母婴用品,好奇,好奇婴儿床升级版 2025,4506.16,淘宝,京东自营,91.8%
母婴用品,好奇,好奇婴儿床标准版,4230.31,苏宁易购,淘宝店铺,99.3%
母婴用品,好奇,好奇婴儿湿巾Pro,4086.57,苏宁易购,抖音商城,98.8%
母婴用品,好奇,好奇婴儿湿巾标准版,4617.04,淘宝,快手小店,94.7%
母婴用品,好奇,好奇婴儿湿巾青春版 2025,3783.7,拼多多,京东自营,91.1%
母婴用品,好奇,好奇婴儿车Pro,3552.25,京东,天猫旗舰店,90.3%
母婴用品,好奇,好奇婴儿车升级版,2130.5,京东,京东自营,97.6%
母婴用品,好奇,好奇婴儿车升级版 2025,721.95,天猫,天猫旗舰店,92.2%
母婴用品,好奇,好奇婴儿车限量款,216.97,苏宁易购,快手小店,93.4%
母婴用品,好奇,好奇婴幼儿奶粉Pro 2024,2653.18,苏宁易购,天猫旗舰店,99.3%
母婴用品,好奇,好奇婴幼儿奶粉升级版,1371.81,淘宝,京东自营,94.2%
母婴用品,好奇,好奇婴幼儿奶粉标准版,1606.25,天猫,淘宝店铺,98.7%
母婴用品,好奇,好奇婴幼儿奶粉经典款,425.74,天猫,快手小店,90.2%
母婴用品,好奇,好奇学步车旗舰版 2025,2970.17,淘宝,京东自营,94.6%
母婴用品,好奇,好奇学步车标准版 2024,3788.82,京东,京东自营,90.4%
母婴用品,好奇,好奇学步车标准版 2024,3341.25,京东,抖音商城,97.5%
母婴用品,好奇,好奇纸尿裤Pro 2024,4135.36,淘宝,淘宝店铺,96.8%
母婴用品,好奇,好奇纸尿裤旗舰版,3825.51,天猫,抖音商城,95.9%
母婴用品,好奇,好奇纸尿裤旗舰版 2025,3444.78,苏宁易购,淘宝店铺,90.9%
母婴用品,帮宝适,帮宝适儿童安全座椅升级版 2024,2159.81,拼多多,拼多多旗舰店,93.1%
母婴用品,帮宝适,帮宝适儿童安全座椅标准版,2788.1,淘宝,快手小店,98.5%
母婴用品,帮宝适,帮宝适儿童安全座椅标准版 2025,3378.35,苏宁易购,抖音商城,96.5%
母婴用品,帮宝适,帮宝适儿童安全座椅限量款,908.69,京东,天猫旗舰店,96.5%
母婴用品,帮宝适,帮宝适奶瓶Max 2025,536.49,京东,京东自营,94.3%
母婴用品,帮宝适,帮宝适奶瓶升级版 2024,2009.91,京东,快手小店,95.8%
母婴用品,帮宝适,帮宝适奶瓶标准版 2024,4695.2,京东,快手小店,93.6%
母婴用品,帮宝适,帮宝适婴儿床Max 2024,1580.71,拼多多,京东自营,93.7%
母婴用品,帮宝适,帮宝适婴儿床Pro 2025,2495.02,苏宁易购,淘宝店铺,95.0%
母婴用品,帮宝适,帮宝适婴儿床青春版 2025,100.12,拼多多,京东自营,97.6%
母婴用品,帮宝适,帮宝适婴儿湿巾Max,1173.32,拼多多,淘宝店铺,94.2%
母婴用品,帮宝适,帮宝适婴儿湿巾升级版,1825.82,天猫,抖音商城,92.0%
母婴用品,帮宝适,帮宝适婴儿湿巾旗舰版 2025,2972.53,拼多多,淘宝店铺,97.5%
母婴用品,帮宝适,帮宝适婴儿湿巾联名款,978.69,拼多多,快手小店,91.1%
母婴用品,帮宝适,帮宝适婴儿车Max,3145.69,京东,快手小店,91.3%
母婴用品,帮宝适,帮宝适婴儿车Max 2025,3019.99,拼多多,抖音商城,94.0%
母婴用品,帮宝适,帮宝适婴儿车Pro,3842.01,淘宝,拼多多旗舰店,91.1%
母婴用品,帮宝适,帮宝适婴幼儿奶粉Pro,2335.45,拼多多,淘宝店铺,95.1%
母婴用品,帮宝适,帮宝适婴幼儿奶粉Pro 2024,2126.95,拼多多,京东自营,95.1%
母婴用品,帮宝适,帮宝适婴幼儿奶粉旗舰版 2025,935.22,京东,天猫旗舰店,96.7%
母婴用品,帮宝适,帮宝适学步车标准版,2496.2,天猫,拼多多旗舰店,90.3%
母婴用品,帮宝适,帮宝适学步车标准版 2025,3760.28,拼多多,天猫旗舰店,97.6%
母婴用品,帮宝适,帮宝适学步车青春版 2025,1642.53,苏宁易购,京东自营,93.0%
母婴用品,帮宝适,帮宝适纸尿裤Max,2774.38,拼多多,天猫旗舰店,92.9%
母婴用品,帮宝适,帮宝适纸尿裤旗舰版 2024,2790.42,淘宝,拼多多旗舰店,90.4%
母婴用品,帮宝适,帮宝适纸尿裤标准版 2024,1426.37,淘宝,快手小店,95.9%
母婴用品,美赞臣,美赞臣儿童安全座椅Max 2024,790.24,苏宁易购,抖音商城,99.6%
母婴用品,美赞臣,美赞臣儿童安全座椅Pro,4602.2,拼多多,天猫旗舰店,94.0%
母婴用品,美赞臣,美赞臣儿童安全座椅Pro 2024,749.8,天猫,抖音商城,94.4%
母婴用品,美赞臣,美赞臣奶瓶Max,411.81,淘宝,京东自营,98.9%
母婴用品,美赞臣,美赞臣奶瓶Max 2025,2638.57,苏宁易购,快手小店,91.2%
母婴用品,美赞臣,美赞臣奶瓶青春版 2024,2266.02,京东,天猫旗舰店,93.6%
母婴用品,美赞臣,美赞臣婴儿床Pro 2024,932.08,京东,快手小店,95.6%
母婴用品,美赞臣,美赞臣婴儿床升级版,217.22,天猫,拼多多旗舰店,93.1%
母婴用品,美赞臣,美赞臣婴儿床经典款,2591.66,拼多多,天猫旗舰店,91.0%
母婴用品,美赞臣,美赞臣婴儿床青春版 2024,921.03,天猫,天猫旗舰店,91.7%
母婴用品,美赞臣,美赞臣婴儿湿巾升级版 2025,4760.15,拼多多,快手小店,90.2%
母婴用品,美赞臣,美赞臣婴儿湿巾标准版,1388.13,拼多多,天猫旗舰店,96.9%
母婴用品,美赞臣,美赞臣婴儿湿巾青春版,2375.36,京东,淘宝店铺,94.2%
母婴用品,美赞臣,美赞臣婴儿车Pro 2024,2898.0,淘宝,拼多多旗舰店,96.5%
母婴用品,美赞臣,美赞臣婴儿车升级版,121.9,苏宁易购,快手小店,97.9%
母婴用品,美赞臣,美赞臣婴儿车青春版 2025,3487.26,拼多多,拼多多旗舰店,98.3%
母婴用品,美赞臣,美赞臣婴幼儿奶粉Max 2024,2332.71,淘宝,天猫旗舰店,90.4%
母婴用品,美赞臣,美赞臣婴幼儿奶粉旗舰版 2025,3527.2,天猫,天猫旗舰店,95.6%
母婴用品,美赞臣,美赞臣婴幼儿奶粉标准版 2025,4726.32,京东,京东自营,96.7%
母婴用品,美赞臣,美赞臣学步车Pro 2024,2285.71,天猫,快手小店,91.6%
母婴用品,美赞臣,美赞臣学步车Pro 2025,670.06,天猫,淘宝店铺,97.8%
母婴用品,美赞臣,美赞臣学步车升级版 2024,1866.68,京东,天猫旗舰店,92.9%
母婴用品,美赞臣,美赞臣纸尿裤Pro,2703.15,苏宁易购,快手小店,96.4%
母婴用品,美赞臣,美赞臣纸尿裤升级版 2025,3806.54,淘宝,抖音商城,93.2%
母婴用品,美赞臣,美赞臣纸尿裤旗舰版 2024,1394.12,淘宝,拼多多旗舰店,90.6%
母婴用品,贝亲,贝亲儿童安全座椅Max 2024,3589.6,京东,天猫旗舰店,98.7%
母婴用品,贝亲,贝亲儿童安全座椅Pro,4117.29,拼多多,快手小店,99.3%
母婴用品,贝亲,贝亲儿童安全座椅旗舰版 2024,2537.09,苏宁易购,快手小店,93.5%
母婴用品,贝亲,贝亲奶瓶Pro 2025,3290.61,天猫,天猫旗舰店,90.9%
母婴用品,贝亲,贝亲奶瓶标准版,1577.44,京东,拼多多旗舰店,92.9%
母婴用品,贝亲,贝亲奶瓶标准版 2025,3674.85,苏宁易购,快手小店,99.2%
母婴用品,贝亲,贝亲婴儿床Max 2024,1512.53,天猫,淘宝店铺,99.3%
母婴用品,贝亲,贝亲婴儿床升级版,4579.55,拼多多,京东自营,96.3%
母婴用品,贝亲,贝亲婴儿床标准版 2025,4335.49,拼多多,京东自营,98.5%
母婴用品,贝亲,贝亲婴儿湿巾旗舰版,4677.34,京东,天猫旗舰店,92.2%
母婴用品,贝亲,贝亲婴儿湿巾标准版 2024,1654.15,拼多多,快手小店,95.8%
母婴用品,贝亲,贝亲婴儿湿巾青春版 2025,1267.77,天猫,抖音商城,98.8%
母婴用品,贝亲,贝亲婴儿车Max 2024,3416.82,天猫,淘宝店铺,99.5%
母婴用品,贝亲,贝亲婴儿车Max 2025,1880.65,淘宝,抖音商城,99.4%
母婴用品,贝亲,贝亲婴儿车升级版 2024,2203.66,苏宁易购,京东自营,92.5%
母婴用品,贝亲,贝亲婴幼儿奶粉Pro,3173.4,淘宝,淘宝店铺,98.4%
母婴用品,贝亲,贝亲婴幼儿奶粉旗舰版,1290.9,拼多多,天猫旗舰店,96.0%
母婴用品,贝亲,贝亲婴幼儿奶粉标准版,969.09,淘宝,拼多多旗舰店,92.4%
母婴用品,贝亲,贝亲学步车Max 2025,1845.92,苏宁易购,京东自营,93.1%
母婴用品,贝亲,贝亲学步车旗舰版 2025,3996.32,天猫,淘宝店铺,90.5%
母婴用品,贝亲,贝亲学步车青春版 2024,1554.32,淘宝,快手小店,99.5%
母婴用品,贝亲,贝亲纸尿裤Max 2025,4955.58,京东,天猫旗舰店,94.2%
母婴用品,贝亲,贝亲纸尿裤升级版 2024,692.38,淘宝,快手小店,92.6%
母婴用品,贝亲,贝亲纸尿裤青春版,3225.09,拼多多,京东自营,90.4%
母婴用品,雀巢,雀巢儿童安全座椅旗舰版 2025,2386.02,京东,淘宝店铺,96.9%
母婴用品,雀巢,雀巢儿童安全座椅青春版 2025,1816.09,拼多多,淘宝店铺,94.8%
母婴用品,雀巢,雀巢儿童安全座椅青春版 2025,2880.84,天猫,抖音商城,98.4%
母婴用品,雀巢,雀巢奶瓶Max,2457.95,苏宁易购,京东自营,96.0%
母婴用品,雀巢,雀巢奶瓶旗舰版 2024,1994.62,拼多多,淘宝店铺,97.1%
母婴用品,雀巢,雀巢奶瓶标准版 2025,4248.21,京东,抖音商城,96.7%
母婴用品,雀巢,雀巢奶瓶联名款,965.31,淘宝,抖音商城,99.8%
母婴用品,雀巢,雀巢婴儿床升级版 2024,1508.94,拼多多,京东自营,96.3%
母婴用品,雀巢,雀巢婴儿床旗舰版,153.84,拼多多,京东自营,97.6%
母婴用品,雀巢,雀巢婴儿床旗舰版 2025,4463.83,拼多多,快手小店,94.1%
母婴用品,雀巢,雀巢婴儿床联名款,4008.24,苏宁易购,拼多多旗舰店,91.3%
母婴用品,雀巢,雀巢婴儿湿巾Max 2024,72.8,淘宝,拼多多旗舰店,93.4%
母婴用品,雀巢,雀巢婴儿湿巾Pro,4029.89,拼多多,快手小店,99.6%
母婴用品,雀巢,雀巢婴儿湿巾青春版,1087.67,拼多多,拼多多旗舰店,98.8%
母婴用品,雀巢,雀巢婴儿车Max,4178.7,天猫,天猫旗舰店,95.9%
母婴用品,雀巢,雀巢婴儿车Pro 2024,4941.06,淘宝,京东自营,95.2%
母婴用品,雀巢,雀巢婴儿车限量款,2020.23,苏宁易购,淘宝店铺,95.2%
母婴用品,雀巢,雀巢婴儿车青春版 2024,453.09,淘宝,拼多多旗舰店,94.1%
母婴用品,雀巢,雀巢婴幼儿奶粉Pro 2025,3530.09,淘宝,抖音商城,94.7%
母婴用品,雀巢,雀巢婴幼儿奶粉旗舰版,3999.49,拼多多,淘宝店铺,97.2%
母婴用品,雀巢,雀巢婴幼儿奶粉旗舰版,3660.69,天猫,快手小店,98.9%
母婴用品,雀巢,雀巢学步车Pro 2024,2801.13,京东,京东自营,94.6%
母婴用品,雀巢,雀巢学步车升级版 2024,1455.55,淘宝,抖音商城,94.9%
母婴用品,雀巢,雀巢学步车升级版 2025,2316.59,天猫,天猫旗舰店,95.6%
母婴用品,雀巢,雀巢纸尿裤Pro,1639.59,天猫,抖音商城,96.0%
母婴用品,雀巢,雀巢纸尿裤青春版,1548.41,天猫,拼多多旗舰店,94.0%
母婴用品,雀巢,雀巢纸尿裤青春版,3908.26,天猫,京东自营,97.6%
母婴用品,飞鹤,飞鹤儿童安全座椅升级版 2024,1265.64,拼多多,京东自营,96.1%
母婴用品,飞鹤,飞鹤儿童安全座椅升级版 2025,4219.94,拼多多,天猫旗舰店,99.0%
母婴用品,飞鹤,飞鹤儿童安全座椅升级版 2025,4613.37,淘宝,淘宝店铺,90.5%
母婴用品,飞鹤,飞鹤奶瓶Max 2024,4059.06,拼多多,淘宝店铺,99.7%
母婴用品,飞鹤,飞鹤奶瓶标准版 2024,3060.18,京东,京东自营,98.3%
母婴用品,飞鹤,飞鹤奶瓶标准版 2024,2979.15,京东,天猫旗舰店,96.1%
母婴用品,飞鹤,飞鹤婴儿床Max,2793.3,苏宁易购,京东自营,91.9%
母婴用品,飞鹤,飞鹤婴儿床Max 2025,3300.06,天猫,京东自营,92.7%
母婴用品,飞鹤,飞鹤婴儿床青春版 2024,4314.44,苏宁易购,天猫旗舰店,99.8%
母婴用品,飞鹤,飞鹤婴儿湿巾升级版 2025,1856.83,天猫,抖音商城,91.6%
母婴用品,飞鹤,飞鹤婴儿湿巾标准版 2025,2884.35,天猫,京东自营,91.4%
母婴用品,飞鹤,飞鹤婴儿湿巾青春版,1685.16,天猫,拼多多旗舰店,91.2%
母婴用品,飞鹤,飞鹤婴儿车升级版,4398.7,京东,天猫旗舰店,90.8%
母婴用品,飞鹤,飞鹤婴儿车标准版,510.54,苏宁易购,拼多多旗舰店,98.4%
母婴用品,飞鹤,飞鹤婴儿车标准版 2025,3262.31,拼多多,快手小店,98.8%
母婴用品,飞鹤,飞鹤婴幼儿奶粉标准版,4037.03,拼多多,快手小店,96.6%
母婴用品,飞鹤,飞鹤婴幼儿奶粉标准版 2024,291.54,京东,拼多多旗舰店,97.8%
母婴用品,飞鹤,飞鹤婴幼儿奶粉青春版 2025,1546.65,拼多多,京东自营,95.3%
母婴用品,飞鹤,飞鹤学步车Max 2024,1205.16,京东,抖音商城,91.7%
母婴用品,飞鹤,飞鹤学步车Max 2025,644.81,淘宝,抖音商城,91.4%
母婴用品,飞鹤,飞鹤学步车升级版 2025,2504.94,淘宝,淘宝店铺,99.4%
母婴用品,飞鹤,飞鹤纸尿裤升级版 2025,3247.5,京东,淘宝店铺,90.1%
母婴用品,飞鹤,飞鹤纸尿裤旗舰版,2450.12,苏宁易购,京东自营,90.2%
母婴用品,飞鹤,飞鹤纸尿裤青春版,3707.62,京东,京东自营,92.3%
汽车用品,3M,3M机油旗舰版 2025,428.13,京东,抖音商城,97.4%
汽车用品,3M,3M机油标准版,759.06,天猫,快手小店,90.8%
汽车用品,3M,3M机油标准版 2024,1163.29,京东,快手小店,91.1%
汽车用品,3M,3M汽车脚垫Pro 2024,2627.7,拼多多,快手小店,92.7%
汽车用品,3M,3M汽车脚垫升级版 2025,1286.23,淘宝,抖音商城,98.8%
汽车用品,3M,3M汽车脚垫标准版 2025,469.29,淘宝,抖音商城,94.2%
汽车用品,3M,3M胎压监测Pro 2024,246.34,淘宝,京东自营,93.3%
汽车用品,3M,3M胎压监测升级版 2024,1971.99,拼多多,快手小店,92.2%
汽车用品,3M,3M胎压监测旗舰版,1484.63,天猫,京东自营,99.8%
汽车用品,3M,3M行车记录仪旗舰版 2024,2560.11,天猫,拼多多旗舰店,90.8%
汽车用品,3M,3M行车记录仪青春版,2380.35,京东,抖音商城,90.1%
汽车用品,3M,3M行车记录仪青春版 2024,2449.09,拼多多,天猫旗舰店,93.0%
汽车用品,3M,3M车载充电器升级版,1638.71,苏宁易购,京东自营,92.6%
汽车用品,3M,3M车载充电器升级版,2737.26,拼多多,拼多多旗舰店,90.2%
汽车用品,3M,3M车载充电器标准版,325.39,苏宁易购,拼多多旗舰店,92.9%
汽车用品,3M,3M车载吸尘器Pro 2024,1282.02,拼多多,抖音商城,96.9%
汽车用品,3M,3M车载吸尘器旗舰版 2024,430.9,天猫,拼多多旗舰店,99.3%
汽车用品,3M,3M车载吸尘器标准版 2024,2983.42,拼多多,淘宝店铺,91.8%
汽车用品,3M,3M轮胎Max 2025,1500.36,苏宁易购,抖音商城,95.3%
汽车用品,3M,3M轮胎升级版 2024,268.18,苏宁易购,抖音商城,97.1%
汽车用品,3M,3M轮胎旗舰版 2025,672.62,淘宝,京东自营,90.9%
汽车用品,3M,3M雨刮器Max,356.23,淘宝,天猫旗舰店,94.2%
汽车用品,3M,3M雨刮器Pro 2024,2434.94,京东,京东自营,97.0%
汽车用品,3M,3M雨刮器升级版 2025,455.84,拼多多,快手小店,91.5%
汽车用品,博世,博世机油升级版 2025,499.41,京东,京东自营,95.6%
汽车用品,博世,博世机油旗舰版,759.04,苏宁易购,淘宝店铺,90.5%
汽车用品,博世,博世机油标准版 2025,908.76,天猫,拼多多旗舰店,99.6%
汽车用品,博世,博世汽车脚垫Pro 2024,455.06,淘宝,京东自营,97.9%
汽车用品,博世,博世汽车脚垫旗舰版 2025,1231.21,京东,淘宝店铺,93.3%
汽车用品,博世,博世汽车脚垫标准版 2025,756.54,苏宁易购,京东自营,92.7%
汽车用品,博世,博世胎压监测升级版 2024,2467.27,拼多多,拼多多旗舰店,93.1%
汽车用品,博世,博世胎压监测升级版 2025,626.21,淘宝,快手小店,96.2%
汽车用品,博世,博世胎压监测旗舰版 2025,593.03,苏宁易购,抖音商城,93.7%
汽车用品,博世,博世行车记录仪Pro 2025,1622.86,京东,快手小店,92.1%
汽车用品,博世,博世行车记录仪旗舰版 2025,1344.86,淘宝,抖音商城,95.7%
汽车用品,博世,博世行车记录仪标准版,128.47,天猫,天猫旗舰店,91.4%
汽车用品,博世,博世行车记录仪经典款,2980.34,拼多多,抖音商城,95.9%
汽车用品,博世,博世车载充电器升级版 2024,1378.08,拼多多,快手小店,99.4%
汽车用品,博世,博世车载充电器青春版 2024,240.59,拼多多,快手小店,92.5%
汽车用品,博世,博世车载充电器青春版 2025,662.8,天猫,快手小店,93.6%
汽车用品,博世,博世车载吸尘器Max 2024,1784.08,苏宁易购,快手小店,92.6%
汽车用品,博世,博世车载吸尘器Pro 2025,2038.88,苏宁易购,抖音商城,97.8%
汽车用品,博世,博世车载吸尘器青春版,2690.78,拼多多,天猫旗舰店,91.7%
汽车用品,博世,博世轮胎升级版 2025,395.58,淘宝,京东自营,93.8%
汽车用品,博世,博世轮胎旗舰版 2025,2923.01,天猫,快手小店,97.0%
汽车用品,博世,博世轮胎经典款,409.55,拼多多,京东自营,98.9%
汽车用品,博世,博世轮胎青春版 2024,2125.22,淘宝,拼多多旗舰店,91.8%
汽车用品,博世,博世雨刮器升级版 2025,2189.42,拼多多,京东自营,93.0%
汽车用品,博世,博世雨刮器标准版 2024,2937.87,京东,京东自营,92.2%
汽车用品,博世,博世雨刮器青春版 2024,2106.36,苏宁易购,淘宝店铺,98.6%
汽车用品,固特异,固特异机油Max,2508.05,拼多多,天猫旗舰店,95.5%
汽车用品,固特异,固特异机油升级版,1098.95,天猫,京东自营,94.7%
汽车用品,固特异,固特异机油标准版 2024,1094.36,天猫,淘宝店铺,98.4%
汽车用品,固特异,固特异汽车脚垫标准版 2025,1144.13,天猫,拼多多旗舰店,99.4%
汽车用品,固特异,固特异汽车脚垫青春版,671.34,苏宁易购,抖音商城,91.8%
汽车用品,固特异,固特异汽车脚垫青春版 2024,2132.87,天猫,淘宝店铺,94.2%
汽车用品,固特异,固特异胎压监测Max 2025,2844.76,淘宝,抖音商城,94.5%
汽车用品,固特异,固特异胎压监测旗舰版 2025,58.36,京东,快手小店,91.1%
汽车用品,固特异,固特异胎压监测标准版 2025,2257.38,京东,拼多多旗舰店,95.0%
汽车用品,固特异,固特异行车记录仪升级版,185.48,天猫,拼多多旗舰店,91.4%
汽车用品,固特异,固特异行车记录仪旗舰版,2093.45,京东,快手小店,94.2%
汽车用品,固特异,固特异行车记录仪标准版 2025,1752.19,苏宁易购,天猫旗舰店,94.7%
汽车用品,固特异,固特异车载充电器标准版,1107.43,京东,京东自营,90.8%
汽车用品,固特异,固特异车载充电器经典款,178.54,拼多多,天猫旗舰店,94.0%
汽车用品,固特异,固特异车载充电器青春版 2024,465.16,天猫,快手小店,91.8%
汽车用品,固特异,固特异车载充电器青春版 2025,2846.32,淘宝,拼多多旗舰店,94.7%
汽车用品,固特异,固特异车载吸尘器Pro,2929.46,苏宁易购,拼多多旗舰店,95.6%
汽车用品,固特异,固特异车载吸尘器升级版 2024,504.03,天猫,抖音商城,91.1%
汽车用品,固特异,固特异车载吸尘器标准版 2024,578.48,京东,天猫旗舰店,92.0%
汽车用品,固特异,固特异轮胎Pro,2112.92,拼多多,快手小店,91.0%
汽车用品,固特异,固特异轮胎Pro 2024,1509.64,拼多多,快手小店,93.1%
汽车用品,固特异,固特异轮胎标准版,956.45,京东,淘宝店铺,99.3%
汽车用品,固特异,固特异雨刮器升级版,2412.95,天猫,淘宝店铺,96.4%
汽车用品,固特异,固特异雨刮器标准版,250.87,淘宝,京东自营,96.0%
汽车用品,固特异,固特异雨刮器标准版 2025,1414.94,拼多多,拼多多旗舰店,93.1%
汽车用品,壳牌,壳牌机油Max 2024,1658.37,天猫,淘宝店铺,97.9%
汽车用品,壳牌,壳牌机油Max 2025,2182.46,拼多多,天猫旗舰店,97.3%
汽车用品,壳牌,壳牌机油标准版,2381.28,淘宝,抖音商城,91.2%
汽车用品,壳牌,壳牌汽车脚垫Pro,560.62,淘宝,天猫旗舰店,90.0%
汽车用品,壳牌,壳牌汽车脚垫Pro 2024,1447.0,京东,淘宝店铺,95.0%
汽车用品,壳牌,壳牌汽车脚垫标准版 2024,1102.46,拼多多,天猫旗舰店,99.3%
汽车用品,壳牌,壳牌胎压监测Max 2024,1583.41,天猫,天猫旗舰店,96.9%
汽车用品,壳牌,壳牌胎压监测升级版,1289.38,京东,京东自营,96.1%
汽车用品,壳牌,壳牌胎压监测旗舰版,702.56,京东,淘宝店铺,91.3%
汽车用品,壳牌,壳牌行车记录仪标准版 2024,757.29,苏宁易购,天猫旗舰店,91.5%
汽车用品,壳牌,壳牌行车记录仪标准版 2025,723.78,淘宝,拼多多旗舰店,96.7%
汽车用品,壳牌,壳牌行车记录仪青春版 2025,42.93,淘宝,拼多多旗舰店,94.8%
汽车用品,壳牌,壳牌车载充电器Max,1431.2,京东,快手小店,97.7%
汽车用品,壳牌,壳牌车载充电器升级版 2024,2303.85,天猫,快手小店,98.6%
汽车用品,壳牌,壳牌车载充电器旗舰版 2025,1840.08,苏宁易购,快手小店,91.9%
汽车用品,壳牌,壳牌车载吸尘器升级版 2025,841.32,京东,京东自营,95.8%
汽车用品,壳牌,壳牌车载吸尘器升级版 2025,2231.91,苏宁易购,快手小店,91.2%
汽车用品,壳牌,壳牌车载吸尘器旗舰版 2024,2232.94,苏宁易购,淘宝店铺,95.8%
汽车用品,壳牌,壳牌轮胎升级版,2118.89,京东,抖音商城,99.2%
汽车用品,壳牌,壳牌轮胎旗舰版,149.56,苏宁易购,快手小店,91.9%
汽车用品,壳牌,壳牌轮胎青春版 2024,917.4,天猫,抖音商城,94.7%
汽车用品,壳牌,壳牌雨刮器Pro 2024,853.87,拼多多,天猫旗舰店,96.0%
汽车用品,壳牌,壳牌雨刮器Pro 2024,1102.47,京东,快手小店,93.0%
汽车用品,壳牌,壳牌雨刮器标准版 2025,1663.27,淘宝,淘宝店铺,98.5%
汽车用品,盯盯拍,盯盯拍机油Max 2024,654.99,京东,快手小店,92.1%
汽车用品,盯盯拍,盯盯拍机油Max 2024,770.17,天猫,京东自营,91.7%
汽车用品,盯盯拍,盯盯拍机油青春版,2962.68,京东,淘宝店铺,97.7%
汽车用品,盯盯拍,盯盯拍汽车脚垫Max,1056.29,苏宁易购,京东自营,99.4%
汽车用品,盯盯拍,盯盯拍汽车脚垫旗舰版,1271.12,天猫,抖音商城,95.4%
汽车用品,盯盯拍,盯盯拍汽车脚垫旗舰版 2024,1922.97,京东,天猫旗舰店,95.7%
汽车用品,盯盯拍,盯盯拍汽车脚垫限量款,526.29,京东,天猫旗舰店,91.9%
汽车用品,盯盯拍,盯盯拍胎压监测Pro 2025,2958.38,淘宝,京东自营,99.3%
汽车用品,盯盯拍,盯盯拍胎压监测升级版 2024,2801.78,淘宝,京东自营,94.9%
汽车用品,盯盯拍,盯盯拍胎压监测旗舰版 2024,802.15,拼多多,天猫旗舰店,97.2%
汽车用品,盯盯拍,盯盯拍行车记录仪Max 2024,2889.83,天猫,淘宝店铺,92.9%
汽车用品,盯盯拍,盯盯拍行车记录仪Pro 2024,262.49,拼多多,拼多多旗舰店,98.7%
汽车用品,盯盯拍,盯盯拍行车记录仪青春版,2014.54,京东,京东自营,92.6%
汽车用品,盯盯拍,盯盯拍车载充电器Max 2024,1435.99,天猫,快手小店,96.8%
汽车用品,盯盯拍,盯盯拍车载充电器Max 2024,2738.54,京东,抖音商城,95.6%
汽车用品,盯盯拍,盯盯拍车载充电器青春版,250.87,苏宁易购,天猫旗舰店,96.6%
汽车用品,盯盯拍,盯盯拍车载吸尘器Pro 2025,1867.72,京东,京东自营,99.2%
汽车用品,盯盯拍,盯盯拍车载吸尘器升级版 2024,1295.58,苏宁易购,天猫旗舰店,91.8%
汽车用品,盯盯拍,盯盯拍车载吸尘器青春版 2024,1156.06,拼多多,快手小店,98.4%
汽车用品,盯盯拍,盯盯拍轮胎Max 2025,2259.15,京东,快手小店,99.2%
汽车用品,盯盯拍,盯盯拍轮胎Max 2025,1751.08,淘宝,拼多多旗舰店,90.3%
汽车用品,盯盯拍,盯盯拍轮胎标准版,1954.88,拼多多,京东自营,96.1%
汽车用品,盯盯拍,盯盯拍雨刮器Pro 2024,67.25,苏宁易购,京东自营,98.9%
汽车用品,盯盯拍,盯盯拍雨刮器Pro 2025,1288.03,淘宝,京东自营,99.6%
汽车用品,盯盯拍,盯盯拍雨刮器旗舰版 2024,1952.76,拼多多,淘宝店铺,94.5%
汽车用品,米其林,米其林机油旗舰版,2842.41,淘宝,京东自营,94.0%
汽车用品,米其林,米其林机油旗舰版,247.55,京东,天猫旗舰店,92.4%
汽车用品,米其林,米其林机油青春版 2024,840.95,天猫,淘宝店铺,94.2%
汽车用品,米其林,米其林汽车脚垫Max 2025,2547.09,京东,抖音商城,90.6%
汽车用品,米其林,米其林汽车脚垫Pro 2024,893.76,苏宁易购,拼多多旗舰店,92.1%
汽车用品,米其林,米其林汽车脚垫升级版 2024,2787.74,苏宁易购,京东自营,99.5%
汽车用品,米其林,米其林胎压监测Max 2024,1148.7,京东,淘宝店铺,93.7%
汽车用品,米其林,米其林胎压监测升级版,1112.81,淘宝,京东自营,91.3%
汽车用品,米其林,米其林胎压监测旗舰版,2497.54,京东,淘宝店铺,98.4%
汽车用品,米其林,米其林行车记录仪Max 2025,1534.87,拼多多,拼多多旗舰店,97.2%
汽车用品,米其林,米其林行车记录仪新品,2782.05,京东,京东自营,91.4%
汽车用品,米其林,米其林行车记录仪青春版,271.06,拼多多,京东自营,92.8%
汽车用品,米其林,米其林行车记录仪青春版 2025,2992.9,京东,拼多多旗舰店,98.8%
汽车用品,米其林,米其林车载充电器Max 2025,1611.29,苏宁易购,快手小店,93.4%
汽车用品,米其林,米其林车载充电器新品,2630.06,京东,天猫旗舰店,90.2%
汽车用品,米其林,米其林车载充电器标准版 2025,585.75,京东,快手小店,98.2%
汽车用品,米其林,米其林车载充电器青春版,1828.97,苏宁易购,天猫旗舰店,99.6%
汽车用品,米其林,米其林车载吸尘器Pro 2024,1105.2,苏宁易购,淘宝店铺,98.8%
汽车用品,米其林,米其林车载吸尘器新品,1707.65,淘宝,淘宝店铺,91.1%
汽车用品,米其林,米其林车载吸尘器标准版,2311.95,拼多多,拼多多旗舰店,92.5%
汽车用品,米其林,米其林车载吸尘器标准版 2024,1974.71,天猫,淘宝店铺,94.3%
汽车用品,米其林,米其林轮胎升级版 2024,138.96,淘宝,京东自营,93.9%
汽车用品,米其林,米其林轮胎升级版 2025,612.0,淘宝,京东自营,94.7%
汽车用品,米其林,米其林轮胎旗舰版 2024,36.31,天猫,京东自营,98.7%
汽车用品,米其林,米其林雨刮器Max 2024,908.08,淘宝,快手小店,91.1%
汽车用品,米其林,米其林雨刮器升级版 2024,1075.51,拼多多,天猫旗舰店,91.0%
汽车用品,米其林,米其林雨刮器标准版 2025,1551.67,京东,拼多多旗舰店,91.5%
汽车用品,美孚,美孚机油Pro 2025,2924.88,拼多多,快手小店,98.9%
汽车用品,美孚,美孚机油旗舰版,2733.33,拼多多,抖音商城,90.7%
汽车用品,美孚,美孚机油青春版,516.47,天猫,淘宝店铺,92.7%
汽车用品,美孚,美孚汽车脚垫标准版,1951.96,淘宝,淘宝店铺,96.3%
汽车用品,美孚,美孚汽车脚垫标准版 2025,2653.28,天猫,拼多多旗舰店,92.6%
汽车用品,美孚,美孚汽车脚垫青春版 2024,986.41,京东,淘宝店铺,90.6%
汽车用品,美孚,美孚胎压监测Pro,1933.39,天猫,抖音商城,92.5%
汽车用品,美孚,美孚胎压监测升级版 2024,135.49,淘宝,天猫旗舰店,91.5%
汽车用品,美孚,美孚胎压监测旗舰版 2024,1664.41,京东,抖音商城,91.7%
汽车用品,美孚,美孚行车记录仪Max 2024,2059.39,京东,天猫旗舰店,98.6%
汽车用品,美孚,美孚行车记录仪Max 2025,1163.77,拼多多,抖音商城,97.7%
汽车用品,美孚,美孚行车记录仪标准版 2025,200.16,天猫,快手小店,99.6%
汽车用品,美孚,美孚车载充电器Pro,567.52,天猫,抖音商城,91.6%
汽车用品,美孚,美孚车载充电器旗舰版,2638.88,拼多多,抖音商城,97.8%
汽车用品,美孚,美孚车载充电器旗舰版 2025,1583.72,天猫,淘宝店铺,93.0%
汽车用品,美孚,美孚车载吸尘器Max,2193.84,天猫,拼多多旗舰店,94.3%
汽车用品,美孚,美孚车载吸尘器Pro 2024,626.68,拼多多,天猫旗舰店,96.2%
汽车用品,美孚,美孚车载吸尘器标准版 2024,559.91,天猫,天猫旗舰店,91.8%
汽车用品,美孚,美孚轮胎Pro,2657.05,苏宁易购,天猫旗舰店,98.1%
汽车用品,美孚,美孚轮胎标准版,233.71,拼多多,京东自营,92.4%
汽车用品,美孚,美孚轮胎青春版 2024,2830.2,淘宝,京东自营,91.8%
汽车用品,美孚,美孚雨刮器Pro 2025,1909.23,拼多多,天猫旗舰店,95.5%
汽车用品,美孚,美孚雨刮器升级版 2025,2895.38,京东,抖音商城,91.7%
汽车用品,美孚,美孚雨刮器旗舰版 2025,336.2,拼多多,快手小店,97.4%
汽车用品,飞利浦,飞利浦机油Max 2024,1766.35,淘宝,天猫旗舰店,98.4%
汽车用品,飞利浦,飞利浦机油升级版 2025,1399.06,京东,快手小店,98.8%
汽车用品,飞利浦,飞利浦机油青春版,1515.49,京东,抖音商城,97.7%
汽车用品,飞利浦,飞利浦汽车脚垫Max 2024,2572.86,天猫,拼多多旗舰店,99.1%
汽车用品,飞利浦,飞利浦汽车脚垫Pro 2025,2536.61,淘宝,京东自营,99.4%
汽车用品,飞利浦,飞利浦汽车脚垫升级版,2914.61,淘宝,淘宝店铺,94.8%
汽车用品,飞利浦,飞利浦汽车脚垫限量款,2775.08,苏宁易购,拼多多旗舰店,91.2%
汽车用品,飞利浦,飞利浦胎压监测Max 2024,2957.71,拼多多,快手小店,99.7%
汽车用品,飞利浦,飞利浦胎压监测Pro 2025,1101.72,天猫,快手小店,90.9%
汽车用品,飞利浦,飞利浦胎压监测标准版 2024,953.88,天猫,京东自营,99.2%
汽车用品,飞利浦,飞利浦行车记录仪升级版,2425.28,天猫,抖音商城,96.5%
汽车用品,飞利浦,飞利浦行车记录仪升级版 2024,885.71,拼多多,京东自营,96.2%
汽车用品,飞利浦,飞利浦行车记录仪青春版 2025,1833.04,淘宝,拼多多旗舰店,95.2%
汽车用品,飞利浦,飞利浦车载充电器升级版 2024,1649.47,京东,拼多多旗舰店,99.6%
汽车用品,飞利浦,飞利浦车载充电器旗舰版 2025,1174.15,苏宁易购,抖音商城,92.1%
汽车用品,飞利浦,飞利浦车载充电器标准版,1708.36,京东,京东自营,99.8%
汽车用品,飞利浦,飞利浦车载吸尘器Max 2025,1613.64,京东,京东自营,98.1%
汽车用品,飞利浦,飞利浦车载吸尘器升级版 2024,2623.99,淘宝,拼多多旗舰店,96.6%
汽车用品,飞利浦,飞利浦车载吸尘器升级版 2025,341.88,拼多多,拼多多旗舰店,99.5%
汽车用品,飞利浦,飞利浦车载吸尘器限量款,1709.08,淘宝,快手小店,98.1%
汽车用品,飞利浦,飞利浦轮胎升级版 2024,998.59,苏宁易购,拼多多旗舰店,93.1%
汽车用品,飞利浦,飞利浦轮胎升级版 2025,2228.03,拼多多,京东自营,91.1%
汽车用品,飞利浦,飞利浦轮胎青春版,2845.63,天猫,淘宝店铺,91.4%
汽车用品,飞利浦,飞利浦雨刮器升级版,885.17,拼多多,京东自营,91.6%
汽车用品,飞利浦,飞利浦雨刮器旗舰版,2227.31,苏宁易购,京东自营,92.4%
汽车用品,飞利浦,飞利浦雨刮器旗舰版 2024,1526.71,京东,抖音商城,92.6%
汽车用品,飞利浦,飞利浦雨刮器限量款,2055.3,天猫,淘宝店铺,91.3%
电脑办公,ThinkPad,ThinkPad台式机标准版 2025,6641.84,拼多多,京东自营,92.2%
电脑办公,ThinkPad,ThinkPad台式机青春版,4046.62,淘宝,抖音商城,95.4%
电脑办公,ThinkPad,ThinkPad台式机青春版 2025,11596.31,苏宁易购,京东自营,94.9%
电脑办公,ThinkPad,ThinkPad固态硬盘Pro 2025,11442.32,拼多多,京东自营,90.5%
电脑办公,ThinkPad,ThinkPad固态硬盘旗舰版,13235.93,淘宝,京东自营,93.0%
电脑办公,ThinkPad,ThinkPad固态硬盘标准版,6640.64,拼多多,天猫旗舰店,90.0%
电脑办公,ThinkPad,ThinkPad打印机Pro,11430.64,拼多多,天猫旗舰店,96.7%
电脑办公,ThinkPad,ThinkPad打印机旗舰版,10532.34,天猫,快手小店,91.3%
电脑办公,ThinkPad,ThinkPad打印机标准版,14442.07,京东,淘宝店铺,97.8%
电脑办公,ThinkPad,ThinkPad投影仪Max 2024,8745.05,京东,快手小店,98.6%
电脑办公,ThinkPad,ThinkPad投影仪旗舰版,6065.65,淘宝,拼多多旗舰店,97.4%
电脑办公,ThinkPad,ThinkPad投影仪经典款,2588.34,苏宁易购,拼多多旗舰店,92.4%
电脑办公,ThinkPad,ThinkPad投影仪青春版 2025,4059.01,拼多多,京东自营,94.1%
电脑办公,ThinkPad,ThinkPad显示器Max,14522.2,拼多多,淘宝店铺,98.2%
电脑办公,ThinkPad,ThinkPad显示器Max 2025,9974.59,京东,抖音商城,93.5%
电脑办公,ThinkPad,ThinkPad显示器Pro 2024,5091.82,苏宁易购,拼多多旗舰店,95.7%
电脑办公,ThinkPad,ThinkPad笔记本电脑Pro,4150.8,天猫,拼多多旗舰店,95.3%
电脑办公,ThinkPad,ThinkPad笔记本电脑旗舰版 2024,7349.94,京东,天猫旗舰店,90.8%
电脑办公,ThinkPad,ThinkPad笔记本电脑青春版 2025,9808.92,拼多多,拼多多旗舰店,94.1%
电脑办公,ThinkPad,ThinkPad键盘Pro 2024,12937.51,京东,天猫旗舰店,90.9%
电脑办公,ThinkPad,ThinkPad键盘升级版 2025,8834.34,苏宁易购,快手小店,93.5%
电脑办公,ThinkPad,ThinkPad键盘旗舰版 2025,11279.13,京东,拼多多旗舰店,92.9%
电脑办公,ThinkPad,ThinkPad鼠标Max,9256.62,天猫,京东自营,97.8%
电脑办公,ThinkPad,ThinkPad鼠标旗舰版 2024,4367.43,苏宁易购,快手小店,92.6%
电脑办公,ThinkPad,ThinkPad鼠标青春版 2024,8001.92,天猫,淘宝店铺,95.9%
电脑办公,华硕,华硕台式机Pro,1408.15,拼多多,淘宝店铺,99.3%
电脑办公,华硕,华硕台式机Pro,2021.3,拼多多,抖音商城,91.9%
电脑办公,华硕,华硕台式机青春版 2025,6143.34,淘宝,抖音商城,90.3%
电脑办公,华硕,华硕固态硬盘Max 2024,1145.52,拼多多,抖音商城,99.8%
电脑办公,华硕,华硕固态硬盘Max 2025,7617.93,拼多多,抖音商城,99.1%
电脑办公,华硕,华硕固态硬盘标准版 2024,10535.45,苏宁易购,快手小店,98.0%
电脑办公,华硕,华硕打印机Pro 2024,5046.65,苏宁易购,天猫旗舰店,98.1%
电脑办公,华硕,华硕打印机Pro 2024,9063.04,拼多多,淘宝店铺,96.9%
电脑办公,华硕,华硕打印机升级版 2024,140.24,苏宁易购,拼多多旗舰店,93.9%
电脑办公,华硕,华硕投影仪升级版 2024,14531.13,拼多多,抖音商城,92.9%
电脑办公,华硕,华硕投影仪升级版 2024,5664.79,拼多多,淘宝店铺,98.1%
电脑办公,华硕,华硕投影仪标准版 2025,3028.01,天猫,快手小店,99.9%
电脑办公,华硕,华硕显示器Max,9513.71,天猫,快手小店,92.4%
电脑办公,华硕,华硕显示器Pro 2025,1073.61,拼多多,快手小店,98.4%
电脑办公,华硕,华硕显示器青春版,14295.95,天猫,拼多多旗舰店,94.6%
电脑办公,华硕,华硕笔记本电脑升级版 2024,10685.69,拼多多,淘宝店铺,96.3%
电脑办公,华硕,华硕笔记本电脑青春版 2024,6499.45,拼多多,京东自营,96.7%
电脑办公,华硕,华硕笔记本电脑青春版 2024,11977.91,京东,淘宝店铺,97.1%
电脑办公,华硕,华硕键盘Pro 2024,5840.48,苏宁易购,天猫旗舰店,90.8%
电脑办公,华硕,华硕键盘标准版 2025,8985.74,拼多多,京东自营,93.2%
电脑办公,华硕,华硕键盘青春版 2025,2575.96,天猫,淘宝店铺,93.8%
电脑办公,华硕,华硕鼠标Max 2024,7283.1,淘宝,天猫旗舰店,90.8%
电脑办公,华硕,华硕鼠标Pro 2024,7416.13,拼多多,淘宝店铺,90.6%
电脑办公,华硕,华硕鼠标旗舰版 2025,7456.2,拼多多,京东自营,96.1%
电脑办公,宏碁,宏碁台式机Max 2024,11593.24,苏宁易购,天猫旗舰店,95.8%
电脑办公,宏碁,宏碁台式机Pro,7261.26,京东,京东自营,92.9%
电脑办公,宏碁,宏碁台式机青春版 2025,8723.55,拼多多,淘宝店铺,95.7%
电脑办公,宏碁,宏碁固态硬盘升级版 2024,4359.97,拼多多,抖音商城,91.9%
电脑办公,宏碁,宏碁固态硬盘标准版 2024,14278.56,天猫,拼多多旗舰店,94.8%
电脑办公,宏碁,宏碁固态硬盘经典款,1005.66,淘宝,京东自营,94.5%
电脑办公,宏碁,宏碁固态硬盘青春版 2025,13789.65,天猫,抖音商城,99.2%
电脑办公,宏碁,宏碁打印机Max,10581.84,京东,抖音商城,92.0%
电脑办公,宏碁,宏碁打印机标准版 2025,9226.04,苏宁易购,拼多多旗舰店,92.0%
电脑办公,宏碁,宏碁打印机标准版 2025,2835.92,拼多多,京东自营,93.2%
电脑办公,宏碁,宏碁投影仪Max 2025,5911.46,淘宝,拼多多旗舰店,91.1%
电脑办公,宏碁,宏碁投影仪Pro 2025,12944.04,淘宝,抖音商城,95.2%
电脑办公,宏碁,宏碁投影仪青春版,12212.52,淘宝,抖音商城,97.0%
电脑办公,宏碁,宏碁显示器标准版,5623.66,拼多多,拼多多旗舰店,91.4%
电脑办公,宏碁,宏碁显示器青春版,10093.77,天猫,淘宝店铺,93.1%
电脑办公,宏碁,宏碁显示器青春版,8638.1,拼多多,快手小店,94.2%
电脑办公,宏碁,宏碁笔记本电脑Max,196.79,苏宁易购,快手小店,92.6%
电脑办公,宏碁,宏碁笔记本电脑旗舰版 2025,701.68,拼多多,淘宝店铺,99.7%
电脑办公,宏碁,宏碁笔记本电脑标准版,11542.55,淘宝,天猫旗舰店,96.5%
电脑办公,宏碁,宏碁键盘Max 2024,7162.39,拼多多,淘宝店铺,94.3%
电脑办公,宏碁,宏碁键盘旗舰版,5250.0,天猫,抖音商城,93.4%
电脑办公,宏碁,宏碁键盘标准版 2024,707.46,京东,淘宝店铺,97.0%
电脑办公,宏碁,宏碁鼠标Max 2025,2798.4,拼多多,拼多多旗舰店,96.3%
电脑办公,宏碁,宏碁鼠标升级版 2025,2434.63,拼多多,天猫旗舰店,95.5%
电脑办公,宏碁,宏碁鼠标旗舰版,10169.0,天猫,抖音商城,91.6%
电脑办公,微软,微软台式机升级版 2024,1098.59,京东,京东自营,93.8%
电脑办公,微软,微软台式机升级版 2025,3422.82,京东,京东自营,96.7%
电脑办公,微软,微软台式机旗舰版 2024,12262.95,拼多多,快手小店,99.8%
电脑办公,微软,微软固态硬盘Pro,4675.21,天猫,天猫旗舰店,95.1%
电脑办公,微软,微软固态硬盘旗舰版 2024,10959.18,京东,天猫旗舰店,98.4%
电脑办公,微软,微软固态硬盘青春版 2024,5884.34,京东,淘宝店铺,96.3%
电脑办公,微软,微软打印机Pro,7784.53,拼多多,淘宝店铺,95.0%
电脑办公,微软,微软打印机旗舰版,11764.67,天猫,拼多多旗舰店,97.9%
电脑办公,微软,微软打印机青春版 2025,9128.59,京东,快手小店,97.7%
电脑办公,微软,微软投影仪Max,3645.58,京东,抖音商城,96.3%
电脑办公,微软,微软投影仪Pro 2025,10255.81,京东,京东自营,97.6%
电脑办公,微软,微软投影仪标准版 2024,14010.51,苏宁易购,拼多多旗舰店,91.3%
电脑办公,微软,微软显示器旗舰版 2024,1272.12,苏宁易购,天猫旗舰店,95.3%
电脑办公,微软,微软显示器联名款,2112.6,拼多多,快手小店,93.1%
电脑办公,微软,微软显示器青春版,245.35,京东,拼多多旗舰店,92.1%
电脑办公,微软,微软显示器青春版 2024,9442.42,拼多多,拼多多旗舰店,95.0%
电脑办公,微软,微软笔记本电脑Max 2025,4609.42,天猫,拼多多旗舰店,96.9%
电脑办公,微软,微软笔记本电脑旗舰版,10566.32,拼多多,京东自营,90.0%
电脑办公,微软,微软笔记本电脑旗舰版 2024,3784.82,天猫,京东自营,93.7%
电脑办公,微软,微软键盘Pro 2024,13218.6,天猫,快手小店,91.4%
电脑办公,微软,微软键盘升级版 2024,5292.77,天猫,拼多多旗舰店,92.1%
电脑办公,微软,微软键盘旗舰版,1062.44,苏宁易购,快手小店,95.6%
电脑办公,微软,微软鼠标升级版,4182.44,苏宁易购,抖音商城,90.8%
电脑办公,微软,微软鼠标标准版 2025,10959.94,拼多多,淘宝店铺,93.5%
电脑办公,微软,微软鼠标青春版 2025,6657.06,京东,天猫旗舰店,92.2%
电脑办公,惠普,惠普台式机Max,12643.47,天猫,京东自营,92.3%
电脑办公,惠普,惠普台式机升级版 2025,6860.9,苏宁易购,拼多多旗舰店,90.6%
电脑办公,惠普,惠普台式机标准版 2025,545.0,京东,京东自营,98.4%
电脑办公,惠普,惠普固态硬盘旗舰版 2024,842.3,京东,淘宝店铺,94.3%
电脑办公,惠普,惠普固态硬盘旗舰版 2024,11760.88,天猫,淘宝店铺,94.5%
电脑办公,惠普,惠普固态硬盘青春版 2025,14323.68,淘宝,京东自营,93.9%
电脑办公,惠普,惠普打印机旗舰版,1437.77,苏宁易购,拼多多旗舰店,93.8%
电脑办公,惠普,惠普打印机旗舰版 2024,8504.22,京东,抖音商城,98.5%
电脑办公,惠普,惠普打印机标准版 2025,180.37,拼多多,拼多多旗舰店,91.7%
电脑办公,惠普,惠普投影仪Pro,13864.42,淘宝,抖音商城,96.8%
电脑办公,惠普,惠普投影仪标准版,3201.8,苏宁易购,拼多多旗舰店,98.6%
电脑办公,惠普,惠普投影仪青春版 2025,531.21,淘宝,京东自营,99.2%
电脑办公,惠普,惠普显示器Pro,8475.81,拼多多,快手小店,95.6%
电脑办公,惠普,惠普显示器升级版 2025,2196.11,拼多多,京东自营,98.1%
电脑办公,惠普,惠普显示器青春版 2024,5781.34,京东,抖音商城,97.3%
电脑办公,惠普,惠普笔记本电脑升级版 2025,8215.33,苏宁易购,快手小店,91.8%
电脑办公,惠普,惠普笔记本电脑旗舰版 2025,7378.31,淘宝,天猫旗舰店,91.7%
电脑办公,惠普,惠普笔记本电脑青春版 2025,14153.23,拼多多,快手小店,93.3%
电脑办公,惠普,惠普键盘旗舰版 2024,274.35,拼多多,京东自营,95.3%
电脑办公,惠普,惠普键盘标准版 2025,10843.0,淘宝,京东自营,95.3%
电脑办公,惠普,惠普键盘青春版 2025,10122.53,天猫,京东自营,98.0%
电脑办公,惠普,惠普鼠标Pro 2024,11931.25,拼多多,拼多多旗舰店,90.8%
电脑办公,惠普,惠普鼠标标准版 2025,2266.51,苏宁易购,淘宝店铺,91.9%
电脑办公,惠普,惠普鼠标青春版,14852.89,京东,快手小店,92.2%
电脑办公,戴尔,戴尔台式机Max,8113.81,京东,天猫旗舰店,97.5%
电脑办公,戴尔,戴尔台式机青春版 2024,3542.06,苏宁易购,淘宝店铺,99.1%
电脑办公,戴尔,戴尔台式机青春版 2025,11596.17,天猫,淘宝店铺,98.1%
电脑办公,戴尔,戴尔固态硬盘Pro 2024,722.9,天猫,京东自营,98.6%
电脑办公,戴尔,戴尔固态硬盘Pro 2025,14022.98,拼多多,淘宝店铺,95.7%
电脑办公,戴尔,戴尔固态硬盘升级版,4973.78,天猫,拼多多旗舰店,93.8%
电脑办公,戴尔,戴尔打印机Max,3853.73,京东,拼多多旗舰店,93.3%
电脑办公,戴尔,戴尔打印机Max 2025,9089.34,京东,天猫旗舰店,90.4%
电脑办公,戴尔,戴尔打印机Pro,8052.11,京东,淘宝店铺,98.2%
电脑办公,戴尔,戴尔投影仪Max,10445.57,拼多多,天猫旗舰店,97.0%
电脑办公,戴尔,戴尔投影仪Pro,3207.64,京东,快手小店,91.9%
电脑办公,戴尔,戴尔投影仪青春版 2025,10083.9,天猫,淘宝店铺,92.1%
电脑办公,戴尔,戴尔显示器Pro 2024,3951.96,拼多多,拼多多旗舰店,95.1%
电脑办公,戴尔,戴尔显示器标准版 2025,7062.58,天猫,淘宝店铺,98.3%
电脑办公,戴尔,戴尔显示器经典款,12565.57,天猫,淘宝店铺,92.0%
电脑办公,戴尔,戴尔显示器青春版 2024,11640.69,苏宁易购,快手小店,93.8%
电脑办公,戴尔,戴尔笔记本电脑升级版,1045.67,拼多多,抖音商城,95.9%
电脑办公,戴尔,戴尔笔记本电脑旗舰版,520.97,苏宁易购,京东自营,96.5%
电脑办公,戴尔,戴尔笔记本电脑旗舰版 2025,13087.3,京东,拼多多旗舰店,92.4%
电脑办公,戴尔,戴尔键盘Max,14584.46,拼多多,抖音商城,99.3%
电脑办公,戴尔,戴尔键盘升级版 2025,7836.92,淘宝,京东自营,94.1%
电脑办公,戴尔,戴尔键盘限量款,13752.79,拼多多,拼多多旗舰店,98.6%
电脑办公,戴尔,戴尔键盘青春版 2025,13199.52,拼多多,抖音商城,99.0%
电脑办公,戴尔,戴尔鼠标Pro 2025,6267.22,拼多多,天猫旗舰店,91.5%
电脑办公,戴尔,戴尔鼠标标准版 2025,6212.66,苏宁易购,天猫旗舰店,94.1%
电脑办公,戴尔,戴尔鼠标青春版 2024,3643.88,天猫,拼多多旗舰店,92.2%
电脑办公,机械革命,机械革命台式机Pro 2025,14625.76,拼多多,拼多多旗舰店,96.2%
电脑办公,机械革命,机械革命台式机标准版,5050.76,苏宁易购,京东自营,94.3%
电脑办公,机械革命,机械革命台式机青春版 2025,3917.33,淘宝,快手小店,93.7%
电脑办公,机械革命,机械革命固态硬盘旗舰版 2024,6897.53,苏宁易购,京东自营,97.4%
电脑办公,机械革命,机械革命固态硬盘标准版 2024,9949.16,淘宝,淘宝店铺,91.3%
电脑办公,机械革命,机械革命固态硬盘青春版,9571.75,苏宁易购,抖音商城,93.9%
电脑办公,机械革命,机械革命打印机Pro,8313.25,天猫,淘宝店铺,90.1%
电脑办公,机械革命,机械革命打印机标准版 2024,1070.14,淘宝,淘宝店铺,94.6%
电脑办公,机械革命,机械革命打印机标准版 2025,10111.95,天猫,抖音商城,90.5%
电脑办公,机械革命,机械革命投影仪Max,10996.65,天猫,天猫旗舰店,95.4%
电脑办公,机械革命,机械革命投影仪标准版 2024,396.7,京东,淘宝店铺,95.4%
电脑办公,机械革命,机械革命投影仪青春版 2024,11103.06,淘宝,抖音商城,92.4%
电脑办公,机械革命,机械革命显示器升级版 2025,14746.41,京东,天猫旗舰店,94.2%
电脑办公,机械革命,机械革命显示器旗舰版 2024,1430.68,苏宁易购,拼多多旗舰店,99.1%
电脑办公,机械革命,机械革命显示器标准版 2025,5668.07,淘宝,京东自营,97.3%
电脑办公,机械革命,机械革命笔记本电脑升级版 2025,208.81,淘宝,抖音商城,94.9%
电脑办公,机械革命,机械革命笔记本电脑旗舰版 2025,9883.46,京东,快手小店,91.7%
电脑办公,机械革命,机械革命笔记本电脑标准版 2024,1774.16,京东,淘宝店铺,96.1%
电脑办公,机械革命,机械革命键盘升级版 2024,11608.0,京东,天猫旗舰店,98.9%
电脑办公,机械革命,机械革命键盘旗舰版 2025,77.42,京东,天猫旗舰店,98.5%
电脑办公,机械革命,机械革命键盘青春版 2024,868.37,天猫,淘宝店铺,98.5%
电脑办公,机械革命,机械革命鼠标Max 2025,4825.23,苏宁易购,淘宝店铺,98.2%
电脑办公,机械革命,机械革命鼠标标准版 2024,5484.09,天猫,京东自营,99.1%
电脑办公,机械革命,机械革命鼠标青春版 2025,11119.36,淘宝,天猫旗舰店,94.2%
电脑办公,联想,联想台式机Pro 2024,8752.61,淘宝,快手小店,95.7%
电脑办公,联想,联想台式机Pro 2025,3574.09,拼多多,淘宝店铺,96.6%
电脑办公,联想,联想台式机升级版 2024,10302.66,淘宝,快手小店,99.1%
电脑办公,联想,联想固态硬盘Max,3741.78,淘宝,天猫旗舰店,93.4%
电脑办公,联想,联想固态硬盘升级版 2025,5919.16,天猫,京东自营,91.3%
电脑办公,联想,联想固态硬盘标准版 2024,6965.54,拼多多,抖音商城,97.1%
电脑办公,联想,联想打印机升级版 2024,12822.11,天猫,快手小店,94.4%
电脑办公,联想,联想打印机升级版 2025,6253.75,苏宁易购,拼多多旗舰店,95.6%
电脑办公,联想,联想打印机青春版 2024,1399.49,京东,拼多多旗舰店,95.1%
电脑办公,联想,联想投影仪升级版 2025,1131.52,京东,抖音商城,94.2%
电脑办公,联想,联想投影仪旗舰版 2024,10859.27,京东,快手小店,93.9%
电脑办公,联想,联想投影仪标准版,14791.61,淘宝,拼多多旗舰店,94.7%
电脑办公,联想,联想显示器Max 2024,13048.52,拼多多,京东自营,99.0%
电脑办公,联想,联想显示器升级版,11495.78,拼多多,淘宝店铺,99.7%
电脑办公,联想,联想显示器旗舰版 2025,13122.32,淘宝,京东自营,91.3%
电脑办公,联想,联想笔记本电脑Pro,141.18,拼多多,淘宝店铺,93.8%
电脑办公,联想,联想笔记本电脑标准版 2024,10051.07,天猫,拼多多旗舰店,91.8%
电脑办公,联想,联想笔记本电脑青春版 2025,13458.76,苏宁易购,淘宝店铺,98.2%
电脑办公,联想,联想键盘Max 2025,8255.55,苏宁易购,快手小店,94.7%
电脑办公,联想,联想键盘升级版,7192.6,苏宁易购,淘宝店铺,94.5%
电脑办公,联想,联想键盘标准版 2025,13744.31,苏宁易购,天猫旗舰店,92.9%
电脑办公,联想,联想鼠标Max 2025,10567.34,苏宁易购,京东自营,90.8%
电脑办公,联想,联想鼠标升级版,10216.92,京东,抖音商城,95.9%
电脑办公,联想,联想鼠标标准版 2025,13546.21,苏宁易购,天猫旗舰店,92.0%
运动户外,Keep,Keep冲锋衣Pro,5827.96,拼多多,抖音商城,93.0%
运动户外,Keep,Keep冲锋衣Pro 2025,1135.99,苏宁易购,抖音商城,90.3%
运动户外,Keep,Keep冲锋衣标准版 2025,437.42,苏宁易购,淘宝店铺,93.7%
运动户外,Keep,Keep哑铃Max,1026.54,拼多多,天猫旗舰店,91.3%
运动户外,Keep,Keep哑铃旗舰版 2025,6044.64,天猫,拼多多旗舰店,91.2%
运动户外,Keep,Keep哑铃青春版 2024,4461.5,拼多多,快手小店,99.9%
运动户外,Keep,Keep瑜伽垫升级版 2024,448.05,天猫,抖音商城,97.5%
运动户外,Keep,Keep瑜伽垫旗舰版 2025,6605.63,淘宝,拼多多旗舰店,90.8%
运动户外,Keep,Keep瑜伽垫标准版 2025,6859.73,苏宁易购,淘宝店铺,97.9%
运动户外,Keep,Keep登山包Pro,277.05,天猫,抖音商城,93.3%
运动户外,Keep,Keep登山包青春版 2024,1510.87,淘宝,抖音商城,95.1%
运动户外,Keep,Keep登山包青春版 2025,4570.22,拼多多,天猫旗舰店,96.9%
运动户外,Keep,Keep篮球升级版 2024,2107.43,苏宁易购,快手小店,96.6%
运动户外,Keep,Keep篮球升级版 2025,2655.11,京东,淘宝店铺,97.3%
运动户外,Keep,Keep篮球青春版 2025,1363.04,拼多多,京东自营,97.7%
运动户外,Keep,Keep羽毛球拍标准版,5299.79,拼多多,淘宝店铺,99.3%
运动户外,Keep,Keep羽毛球拍青春版 2025,55.39,天猫,快手小店,93.4%
运动户外,Keep,Keep羽毛球拍青春版 2025,5007.24,苏宁易购,抖音商城,99.3%
运动户外,Keep,Keep跑步机Max 2024,6201.76,淘宝,快手小店,96.9%
运动户外,Keep,Keep跑步机旗舰版 2024,6365.43,淘宝,抖音商城,90.1%
运动户外,Keep,Keep跑步机青春版,4907.06,天猫,抖音商城,94.4%
运动户外,Keep,Keep骑行头盔Max,3343.25,淘宝,快手小店,94.4%
运动户外,Keep,Keep骑行头盔升级版 2025,2990.33,京东,京东自营,94.1%
运动户外,Keep,Keep骑行头盔青春版 2024,4124.91,拼多多,淘宝店铺,95.1%
运动户外,Wilson,Wilson冲锋衣旗舰版 2025,2878.21,拼多多,淘宝店铺,92.3%
运动户外,Wilson,Wilson冲锋衣标准版,4955.32,淘宝,抖音商城,95.7%
运动户外,Wilson,Wilson冲锋衣青春版,6706.39,淘宝,快手小店,98.8%
运动户外,Wilson,Wilson哑铃Max 2024,1819.38,京东,京东自营,99.3%
运动户外,Wilson,Wilson哑铃升级版,5268.89,拼多多,抖音商城,95.8%
运动户外,Wilson,Wilson哑铃标准版 2025,427.34,淘宝,天猫旗舰店,93.9%
运动户外,Wilson,Wilson瑜伽垫Max,5229.54,淘宝,京东自营,99.3%
运动户外,Wilson,Wilson瑜伽垫青春版,840.84,淘宝,淘宝店铺,93.0%
运动户外,Wilson,Wilson瑜伽垫青春版 2024,789.15,淘宝,京东自营,93.7%
运动户外,Wilson,Wilson登山包旗舰版 2024,1058.9,京东,抖音商城,97.2%
运动户外,Wilson,Wilson登山包旗舰版 2025,946.01,拼多多,拼多多旗舰店,91.4%
运动户外,Wilson,Wilson登山包青春版 2024,3968.03,拼多多,拼多多旗舰店,98.9%
运动户外,Wilson,Wilson篮球升级版,5810.24,苏宁易购,拼多多旗舰店,98.3%
运动户外,Wilson,Wilson篮球标准版 2024,3069.38,苏宁易购,淘宝店铺,94.1%
运动户外,Wilson,Wilson篮球标准版 2025,4254.85,京东,拼多多旗舰店,94.0%
运动户外,Wilson,Wilson羽毛球拍旗舰版,4513.52,苏宁易购,抖音商城,90.8%
运动户外,Wilson,Wilson羽毛球拍标准版,4613.62,京东,淘宝店铺,95.3%
运动户外,Wilson,Wilson羽毛球拍青春版,6700.9,拼多多,抖音商城,95.2%
运动户外,Wilson,Wilson跑步机Pro 2024,214.28,苏宁易购,拼多多旗舰店,91.4%
运动户外,Wilson,Wilson跑步机标准版 2024,6224.62,拼多多,京东自营,92.1%
运动户外,Wilson,Wilson跑步机标准版 2025,2452.57,拼多多,拼多多旗舰店,98.6%
运动户外,Wilson,Wilson骑行头盔Max 2024,654.36,苏宁易购,天猫旗舰店,99.7%
运动户外,Wilson,Wilson骑行头盔Max 2025,1199.95,淘宝,天猫旗舰店,96.1%
运动户外,Wilson,Wilson骑行头盔Pro,1294.03,天猫,淘宝店铺,97.6%
运动户外,YONEX,YONEX冲锋衣升级版 2025,5886.98,天猫,快手小店,92.8%
运动户外,YONEX,YONEX冲锋衣旗舰版 2025,6990.77,天猫,抖音商城,98.7%
运动户外,YONEX,YONEX冲锋衣青春版 2025,507.15,京东,天猫旗舰店,90.9%
运动户外,YONEX,YONEX哑铃Pro,1978.68,苏宁易购,天猫旗舰店,99.0%
运动户外,YONEX,YONEX哑铃标准版 2024,4769.27,天猫,京东自营,97.0%
运动户外,YONEX,YONEX哑铃青春版 2025,2135.19,天猫,拼多多旗舰店,97.1%
运动户外,YONEX,YONEX瑜伽垫Pro 2025,6744.05,天猫,抖音商城,96.7%
运动户外,YONEX,YONEX瑜伽垫青春版 2024,6645.51,淘宝,拼多多旗舰店,92.7%
运动户外,YONEX,YONEX瑜伽垫青春版 2024,475.9,天猫,京东自营,90.3%
运动户外,YONEX,YONEX登山包旗舰版,22.79,拼多多,淘宝店铺,99.2%
运动户外,YONEX,YONEX登山包标准版,5691.25,苏宁易购,淘宝店铺,99.5%
运动户外,YONEX,YONEX登山包青春版 2024,5878.62,淘宝,快手小店,93.8%
运动户外,YONEX,YONEX篮球旗舰版 2025,560.11,拼多多,快手小店,90.3%
运动户外,YONEX,YONEX篮球标准版 2025,3345.17,天猫,拼多多旗舰店,98.9%
运动户外,YONEX,YONEX篮球青春版 2025,4928.03,苏宁易购,京东自营,97.5%
运动户外,YONEX,YONEX羽毛球拍Max 2024,1735.58,淘宝,天猫旗舰店,99.7%
运动户外,YONEX,YONEX羽毛球拍Max 2025,2311.63,天猫,快手小店,99.0%
运动户外,YONEX,YONEX羽毛球拍青春版 2024,6188.84,淘宝,快手小店,99.4%
运动户外,YONEX,YONEX跑步机升级版 2025,6668.24,苏宁易购,拼多多旗舰店,99.5%
运动户外,YONEX,YONEX跑步机旗舰版,2145.2,京东,快手小店,94.0%
运动户外,YONEX,YONEX跑步机联名款,4530.49,京东,天猫旗舰店,91.1%
运动户外,YONEX,YONEX跑步机青春版,5483.51,苏宁易购,天猫旗舰店,91.4%
运动户外,YONEX,YONEX骑行头盔Max,5876.24,京东,京东自营,98.0%
运动户外,YONEX,YONEX骑行头盔Max 2024,6554.01,天猫,快手小店,94.4%
运动户外,YONEX,YONEX骑行头盔标准版 2024,6803.83,苏宁易购,淘宝店铺,93.7%
运动户外,YONEX,YONEX骑行头盔联名款,6577.53,天猫,抖音商城,92.8%
运动户外,哥伦比亚,哥伦比亚冲锋衣旗舰版 2025,1501.53,京东,抖音商城,99.9%
运动户外,哥伦比亚,哥伦比亚冲锋衣标准版 2024,200.22,京东,拼多多旗舰店,96.7%
运动户外,哥伦比亚,哥伦比亚冲锋衣青春版,2925.6,拼多多,快手小店,90.8%
运动户外,哥伦比亚,哥伦比亚哑铃升级版 2024,3128.19,淘宝,抖音商城,93.8%
运动户外,哥伦比亚,哥伦比亚哑铃青春版,2525.13,淘宝,抖音商城,91.0%
运动户外,哥伦比亚,哥伦比亚哑铃青春版 2024,648.75,淘宝,抖音商城,94.2%
运动户外,哥伦比亚,哥伦比亚瑜伽垫Pro 2024,1993.82,苏宁易购,淘宝店铺,98.7%
运动户外,哥伦比亚,哥伦比亚瑜伽垫标准版 2024,327.25,淘宝,快手小店,91.3%
运动户外,哥伦比亚,哥伦比亚瑜伽垫青春版 2024,3060.71,拼多多,天猫旗舰店,91.6%
运动户外,哥伦比亚,哥伦比亚登山包Max 2024,6920.95,拼多多,拼多多旗舰店,95.6%
运动户外,哥伦比亚,哥伦比亚登山包Pro,5846.98,淘宝,抖音商城,97.4%
运动户外,哥伦比亚,哥伦比亚登山包标准版 2025,6069.82,京东,天猫旗舰店,91.2%
运动户外,哥伦比亚,哥伦比亚篮球升级版,5613.87,京东,快手小店,92.8%
运动户外,哥伦比亚,哥伦比亚篮球标准版 2025,6663.26,拼多多,淘宝店铺,93.8%
运动户外,哥伦比亚,哥伦比亚篮球青春版 2024,2286.91,苏宁易购,天猫旗舰店,97.2%
运动户外,哥伦比亚,哥伦比亚羽毛球拍Pro 2025,6504.46,淘宝,天猫旗舰店,91.1%
运动户外,哥伦比亚,哥伦比亚羽毛球拍旗舰版 2024,4166.55,京东,快手小店,90.1%
运动户外,哥伦比亚,哥伦比亚羽毛球拍标准版,3231.43,拼多多,拼多多旗舰店,97.0%
运动户外,哥伦比亚,哥伦比亚跑步机Max 2024,828.85,拼多多,京东自营,98.9%
运动户外,哥伦比亚,哥伦比亚跑步机标准版,1297.33,天猫,快手小店,94.7%
运动户外,哥伦比亚,哥伦比亚跑步机青春版 2025,4462.83,天猫,天猫旗舰店,94.4%
运动户外,哥伦比亚,哥伦比亚骑行头盔Pro 2024,5610.68,淘宝,快手小店,97.3%
运动户外,哥伦比亚,哥伦比亚骑行头盔升级版,6755.04,京东,京东自营,98.6%
运动户外,哥伦比亚,哥伦比亚骑行头盔升级版,2730.75,天猫,京东自营,94.0%
运动户外,探路者,探路者冲锋衣Pro,1492.26,苏宁易购,淘宝店铺,90.8%
运动户外,探路者,探路者冲锋衣旗舰版,3046.92,拼多多,京东自营,90.2%
运动户外,探路者,探路者冲锋衣青春版 2025,3194.89,苏宁易购,淘宝店铺,96.6%
运动户外,探路者,探路者哑铃Max 2024,3411.98,苏宁易购,快手小店,95.9%
运动户外,探路者,探路者哑铃Max 2025,4058.06,淘宝,京东自营,97.2%
运动户外,探路者,探路者哑铃Pro,735.59,拼多多,拼多多旗舰店,98.4%
运动户外,探路者,探路者瑜伽垫Max 2025,1584.13,天猫,拼多多旗舰店,96.8%
运动户外,探路者,探路者瑜伽垫升级版 2024,4421.19,苏宁易购,淘宝店铺,90.9%
运动户外,探路者,探路者瑜伽垫新品,3005.9,京东,天猫旗舰店,99.6%
运动户外,探路者,探路者瑜伽垫经典款,4115.35,淘宝,抖音商城,98.2%
运动户外,探路者,探路者瑜伽垫青春版 2025,4536.63,拼多多,拼多多旗舰店,90.8%
运动户外,探路者,探路者登山包Max,600.37,淘宝,淘宝店铺,98.7%
运动户外,探路者,探路者登山包旗舰版 2025,5692.52,苏宁易购,京东自营,93.5%
运动户外,探路者,探路者登山包青春版,814.27,天猫,天猫旗舰店,96.5%
运动户外,探路者,探路者篮球升级版,115.85,京东,快手小店,91.1%
运动户外,探路者,探路者篮球升级版,1479.42,天猫,拼多多旗舰店,96.4%
运动户外,探路者,探路者篮球新品,1669.22,京东,淘宝店铺,90.2%
运动户外,探路者,探路者篮球旗舰版 2025,1351.58,拼多多,天猫旗舰店,93.0%
运动户外,探路者,探路者羽毛球拍旗舰版 2025,5085.86,苏宁易购,淘宝店铺,93.0%
运动户外,探路者,探路者羽毛球拍旗舰版 2025,6741.73,淘宝,京东自营,96.7%
运动户外,探路者,探路者羽毛球拍标准版,4596.49,拼多多,快手小店,94.6%
运动户外,探路者,探路者羽毛球拍联名款,3343.16,苏宁易购,拼多多旗舰店,93.5%
运动户外,探路者,探路者跑步机标准版 2024,2115.74,淘宝,天猫旗舰店,99.7%
运动户外,探路者,探路者跑步机青春版,3583.35,拼多多,快手小店,94.1%
运动户外,探路者,探路者跑步机青春版 2024,2081.46,京东,京东自营,90.5%
运动户外,探路者,探路者骑行头盔Max 2024,171.28,天猫,快手小店,91.6%
运动户外,探路者,探路者骑行头盔升级版,2076.92,拼多多,京东自营,98.2%
运动户外,探路者,探路者骑行头盔旗舰版 2024,6746.79,拼多多,抖音商城,94.7%
运动户外,斯伯丁,斯伯丁冲锋衣Max 2024,55.01,京东,抖音商城,91.9%
运动户外,斯伯丁,斯伯丁冲锋衣升级版,2316.99,京东,京东自营,90.6%
运动户外,斯伯丁,斯伯丁冲锋衣标准版 2025,1593.88,京东,天猫旗舰店,96.8%
运动户外,斯伯丁,斯伯丁哑铃旗舰版,4157.35,苏宁易购,天猫旗舰店,98.3%
运动户外,斯伯丁,斯伯丁哑铃青春版,2389.52,京东,拼多多旗舰店,99.3%
运动户外,斯伯丁,斯伯丁哑铃青春版 2024,4121.94,京东,抖音商城,91.1%
运动户外,斯伯丁,斯伯丁瑜伽垫旗舰版 2025,3963.68,天猫,快手小店,90.6%
运动户外,斯伯丁,斯伯丁瑜伽垫标准版,6889.16,京东,淘宝店铺,96.3%
运动户外,斯伯丁,斯伯丁瑜伽垫青春版 2025,3467.2,苏宁易购,快手小店,95.5%
运动户外,斯伯丁,斯伯丁登山包Pro,4766.61,淘宝,抖音商城,94.6%
运动户外,斯伯丁,斯伯丁登山包旗舰版 2025,381.0,拼多多,拼多多旗舰店,99.3%
运动户外,斯伯丁,斯伯丁登山包标准版 2025,1586.35,拼多多,抖音商城,92.8%
运动户外,斯伯丁,斯伯丁篮球Max,2123.27,京东,京东自营,96.2%
运动户外,斯伯丁,斯伯丁篮球Max 2024,6231.78,天猫,京东自营,96.9%
运动户外,斯伯丁,斯伯丁篮球标准版 2025,3135.26,京东,京东自营,91.2%
运动户外,斯伯丁,斯伯丁羽毛球拍Max 2024,5659.25,淘宝,淘宝店铺,95.9%
运动户外,斯伯丁,斯伯丁羽毛球拍升级版,3324.56,京东,淘宝店铺,99.5%
运动户外,斯伯丁,斯伯丁羽毛球拍经典款,5412.05,拼多多,天猫旗舰店,90.9%
运动户外,斯伯丁,斯伯丁羽毛球拍青春版,6604.96,苏宁易购,拼多多旗舰店,97.7%
运动户外,斯伯丁,斯伯丁跑步机Pro 2025,3928.61,拼多多,快手小店,94.5%
运动户外,斯伯丁,斯伯丁跑步机旗舰版 2024,1358.12,苏宁易购,抖音商城,96.7%
运动户外,斯伯丁,斯伯丁跑步机标准版,1831.18,天猫,抖音商城,95.6%
运动户外,斯伯丁,斯伯丁骑行头盔旗舰版,3922.62,拼多多,拼多多旗舰店,92.9%
运动户外,斯伯丁,斯伯丁骑行头盔标准版 2025,5267.7,苏宁易购,快手小店,92.3%
运动户外,斯伯丁,斯伯丁骑行头盔青春版,3183.81,拼多多,抖音商城,94.6%
运动户外,迪卡侬,迪卡侬冲锋衣Max 2025,3012.75,京东,淘宝店铺,92.6%
运动户外,迪卡侬,迪卡侬冲锋衣升级版 2025,838.11,拼多多,拼多多旗舰店,97.1%
运动户外,迪卡侬,迪卡侬冲锋衣旗舰版 2024,846.22,天猫,淘宝店铺,97.1%
运动户外,迪卡侬,迪卡侬冲锋衣联名款,4699.08,拼多多,拼多多旗舰店,91.9%
运动户外,迪卡侬,迪卡侬哑铃Max 2025,2607.89,苏宁易购,京东自营,99.6%
运动户外,迪卡侬,迪卡侬哑铃升级版,2233.88,天猫,淘宝店铺,95.3%
运动户外,迪卡侬,迪卡侬哑铃青春版,1835.84,淘宝,拼多多旗舰店,95.0%
运动户外,迪卡侬,迪卡侬瑜伽垫Max,4404.51,京东,京东自营,93.1%
运动户外,迪卡侬,迪卡侬瑜伽垫旗舰版,4417.49,天猫,京东自营,97.8%
运动户外,迪卡侬,迪卡侬瑜伽垫青春版 2025,2299.84,京东,快手小店,96.9%
运动户外,迪卡侬,迪卡侬登山包升级版,2912.19,拼多多,抖音商城,91.8%
运动户外,迪卡侬,迪卡侬登山包升级版,6636.8,苏宁易购,快手小店,99.1%
运动户外,迪卡侬,迪卡侬登山包升级版,6818.41,天猫,京东自营,92.0%
运动户外,迪卡侬,迪卡侬篮球Max,6101.68,拼多多,快手小店,99.6%
运动户外,迪卡侬,迪卡侬篮球升级版 2024,4087.66,京东,京东自营,96.4%
运动户外,迪卡侬,迪卡侬篮球升级版 2025,2695.8,苏宁易购,淘宝店铺,94.2%
运动户外,迪卡侬,迪卡侬羽毛球拍Pro 2025,3468.29,天猫,抖音商城,91.3%
运动户外,迪卡侬,迪卡侬羽毛球拍升级版,2044.55,苏宁易购,拼多多旗舰店,92.6%
运动户外,迪卡侬,迪卡侬羽毛球拍升级版 2024,5091.42,天猫,拼多多旗舰店,91.9%
运动户外,迪卡侬,迪卡侬跑步机升级版,3623.23,天猫,抖音商城,99.6%
运动户外,迪卡侬,迪卡侬跑步机升级版 2024,1229.88,淘宝,淘宝店铺,95.9%
运动户外,迪卡侬,迪卡侬跑步机旗舰版 2024,5551.64,拼多多,快手小店,93.2%
运动户外,迪卡侬,迪卡侬骑行头盔Pro 2025,6575.47,苏宁易购,快手小店,99.6%
运动户外,迪卡侬,迪卡侬骑行头盔旗舰版,56.42,拼多多,淘宝店铺,95.0%
运动户外,迪卡侬,迪卡侬骑行头盔标准版,3906.86,天猫,拼多多旗舰店,90.5%
运动户外,迪卡侬,迪卡侬骑行头盔联名款,3414.89,京东,天猫旗舰店,96.8%
运动户外,骆驼,骆驼冲锋衣Pro,1480.84,京东,淘宝店铺,90.5%
运动户外,骆驼,骆驼冲锋衣Pro 2024,4743.96,苏宁易购,京东自营,91.7%
运动户外,骆驼,骆驼冲锋衣标准版 2024,3024.73,京东,抖音商城,96.1%
运动户外,骆驼,骆驼哑铃Max,982.2,拼多多,拼多多旗舰店,94.2%
运动户外,骆驼,骆驼哑铃旗舰版 2024,2536.29,天猫,抖音商城,96.6%
运动户外,骆驼,骆驼哑铃青春版 2025,2544.19,天猫,京东自营,90.3%
运动户外,骆驼,骆驼瑜伽垫Max,5004.75,拼多多,抖音商城,95.2%
运动户外,骆驼,骆驼瑜伽垫Pro 2025,462.3,拼多多,拼多多旗舰店,98.8%
运动户外,骆驼,骆驼瑜伽垫标准版 2024,4365.42,拼多多,快手小店,96.4%
运动户外,骆驼,骆驼登山包升级版,1110.07,拼多多,拼多多旗舰店,94.9%
运动户外,骆驼,骆驼登山包升级版 2024,4840.07,拼多多,天猫旗舰店,90.9%
运动户外,骆驼,骆驼登山包旗舰版 2025,5146.4,天猫,抖音商城,97.9%
运动户外,骆驼,骆驼篮球升级版 2025,2058.02,苏宁易购,拼多多旗舰店,94.4%
运动户外,骆驼,骆驼篮球标准版,5474.93,京东,抖音商城,96.0%
运动户外,骆驼,骆驼篮球标准版 2025,754.77,天猫,淘宝店铺,96.2%
运动户外,骆驼,骆驼羽毛球拍升级版 2024,1818.6,淘宝,京东自营,93.4%
运动户外,骆驼,骆驼羽毛球拍旗舰版,4949.71,拼多多,拼多多旗舰店,99.2%
运动户外,骆驼,骆驼羽毛球拍青春版 2024,6275.3,苏宁易购,抖音商城,98.4%
运动户外,骆驼,骆驼跑步机Max,1145.11,拼多多,淘宝店铺,97.2%
运动户外,骆驼,骆驼跑步机Max,3562.3,淘宝,抖音商城,95.8%
运动户外,骆驼,骆驼跑步机旗舰版 2025,3288.9,拼多多,拼多多旗舰店,98.7%
运动户外,骆驼,骆驼骑行头盔Max 2024,2020.57,淘宝,淘宝店铺,91.7%
运动户外,骆驼,骆驼骑行头盔升级版 2024,6787.06,京东,天猫旗舰店,97.6%
运动户外,骆驼,骆驼骑行头盔旗舰版,1095.98,天猫,京东自营,93.6%
食品生鲜,三只松鼠,三只松鼠坚果礼盒Pro,41.9,苏宁易购,京东自营,92.0%
食品生鲜,三只松鼠,三只松鼠坚果礼盒Pro 2024,351.16,淘宝,拼多多旗舰店,97.3%
食品生鲜,三只松鼠,三只松鼠坚果礼盒升级版,86.2,拼多多,京东自营,94.6%
食品生鲜,三只松鼠,三只松鼠方便面升级版,10.91,天猫,天猫旗舰店,98.2%
食品生鲜,三只松鼠,三只松鼠方便面升级版 2024,188.89,京东,抖音商城,96.2%
食品生鲜,三只松鼠,三只松鼠方便面青春版 2024,458.21,京东,天猫旗舰店,90.7%
食品生鲜,三只松鼠,三只松鼠果汁饮料Max 2025,182.4,拼多多,淘宝店铺,95.4%
食品生鲜,三只松鼠,三只松鼠果汁饮料升级版 2025,442.02,苏宁易购,京东自营,95.2%
食品生鲜,三只松鼠,三只松鼠果汁饮料青春版 2025,163.87,京东,淘宝店铺,92.7%
食品生鲜,三只松鼠,三只松鼠矿泉水Max 2025,374.55,拼多多,京东自营,92.5%
食品生鲜,三只松鼠,三只松鼠矿泉水旗舰版 2024,133.52,京东,拼多多旗舰店,99.8%
食品生鲜,三只松鼠,三只松鼠矿泉水标准版 2025,127.62,苏宁易购,京东自营,93.5%
食品生鲜,三只松鼠,三只松鼠纯牛奶Pro,49.67,淘宝,快手小店,98.0%
食品生鲜,三只松鼠,三只松鼠纯牛奶旗舰版 2025,24.92,淘宝,天猫旗舰店,98.3%
食品生鲜,三只松鼠,三只松鼠纯牛奶青春版 2024,481.53,淘宝,拼多多旗舰店,92.1%
食品生鲜,三只松鼠,三只松鼠酸奶Max 2024,19.56,天猫,淘宝店铺,96.8%
食品生鲜,三只松鼠,三只松鼠酸奶旗舰版 2024,404.79,淘宝,京东自营,90.9%
食品生鲜,三只松鼠,三只松鼠酸奶标准版 2024,30.02,拼多多,快手小店,99.1%
食品生鲜,三只松鼠,三只松鼠食用油Max 2025,181.57,天猫,天猫旗舰店,95.8%
食品生鲜,三只松鼠,三只松鼠食用油标准版,329.49,京东,天猫旗舰店,92.6%
食品生鲜,三只松鼠,三只松鼠食用油青春版,19.48,淘宝,京东自营,98.0%
食品生鲜,三只松鼠,三只松鼠饼干升级版,140.84,天猫,京东自营,94.4%
食品生鲜,三只松鼠,三只松鼠饼干青春版 2024,35.12,天猫,拼多多旗舰店,92.8%
食品生鲜,三只松鼠,三只松鼠饼干青春版 2025,309.79,拼多多,拼多多旗舰店,96.4%
食品生鲜,伊利,伊利坚果礼盒升级版,373.4,淘宝,京东自营,99.1%
食品生鲜,伊利,伊利坚果礼盒新品,251.33,淘宝,拼多多旗舰店,91.2%
食品生鲜,伊利,伊利坚果礼盒旗舰版 2024,24.16,淘宝,快手小店,98.8%
食品生鲜,伊利,伊利坚果礼盒标准版,141.05,苏宁易购,快手小店,91.4%
食品生鲜,伊利,伊利方便面Pro 2024,254.53,京东,快手小店,96.3%
食品生鲜,伊利,伊利方便面升级版,230.49,天猫,淘宝店铺,99.1%
食品生鲜,伊利,伊利方便面标准版,189.0,天猫,拼多多旗舰店,95.9%
食品生鲜,伊利,伊利果汁饮料Max 2024,231.75,淘宝,快手小店,92.2%
食品生鲜,伊利,伊利果汁饮料Pro 2025,324.79,淘宝,快手小店,96.0%
食品生鲜,伊利,伊利果汁饮料青春版 2025,201.19,苏宁易购,快手小店,91.0%
食品生鲜,伊利,伊利矿泉水Max 2025,244.32,淘宝,京东自营,95.1%
食品生鲜,伊利,伊利矿泉水青春版,37.41,拼多多,天猫旗舰店,97.0%
食品生鲜,伊利,伊利矿泉水青春版 2025,19.3,天猫,京东自营,91.9%
食品生鲜,伊利,伊利纯牛奶Pro 2024,158.61,京东,天猫旗舰店,98.3%
食品生鲜,伊利,伊利纯牛奶升级版 2024,486.26,淘宝,淘宝店铺,94.4%
食品生鲜,伊利,伊利纯牛奶旗舰版 2024,303.86,拼多多,天猫旗舰店,90.9%
食品生鲜,伊利,伊利酸奶升级版,324.81,淘宝,快手小店,96.7%
食品生鲜,伊利,伊利酸奶旗舰版,145.82,天猫,抖音商城,93.8%
食品生鲜,伊利,伊利酸奶青春版 2025,177.78,淘宝,快手小店,91.6%
食品生鲜,伊利,伊利食用油Pro 2025,356.28,淘宝,天猫旗舰店,98.8%
食品生鲜,伊利,伊利食用油升级版 2025,383.14,苏宁易购,拼多多旗舰店,98.9%
食品生鲜,伊利,伊利食用油新品,61.56,拼多多,京东自营,93.5%
食品生鲜,伊利,伊利食用油标准版 2024,36.54,淘宝,淘宝店铺,99.8%
食品生鲜,伊利,伊利饼干Max 2025,14.91,京东,拼多多旗舰店,97.7%
食品生鲜,伊利,伊利饼干升级版 2025,90.56,天猫,淘宝店铺,97.9%
食品生鲜,伊利,伊利饼干青春版 2024,357.09,淘宝,拼多多旗舰店,97.0%
食品生鲜,农夫山泉,农夫山泉坚果礼盒Max 2024,66.06,天猫,天猫旗舰店,92.5%
食品生鲜,农夫山泉,农夫山泉坚果礼盒旗舰版,327.86,京东,拼多多旗舰店,90.2%
食品生鲜,农夫山泉,农夫山泉坚果礼盒旗舰版 2024,386.0,苏宁易购,京东自营,96.2%
食品生鲜,农夫山泉,农夫山泉方便面升级版 2024,493.4,拼多多,京东自营,92.9%
食品生鲜,农夫山泉,农夫山泉方便面旗舰版,453.0,拼多多,天猫旗舰店,98.3%
食品生鲜,农夫山泉,农夫山泉方便面标准版 2025,42.07,淘宝,快手小店,97.2%
食品生鲜,农夫山泉,农夫山泉果汁饮料Max 2025,243.44,拼多多,天猫旗舰店,95.6%
食品生鲜,农夫山泉,农夫山泉果汁饮料旗舰版 2025,33.97,天猫,京东自营,99.3%
食品生鲜,农夫山泉,农夫山泉果汁饮料青春版 2024,389.91,天猫,拼多多旗舰店,96.1%
食品生鲜,农夫山泉,农夫山泉矿泉水Pro 2025,207.42,苏宁易购,拼多多旗舰店,91.6%
食品生鲜,农夫山泉,农夫山泉矿泉水升级版 2025,103.68,苏宁易购,天猫旗舰店,92.6%
食品生鲜,农夫山泉,农夫山泉矿泉水升级版 2025,465.96,京东,京东自营,93.3%
食品生鲜,农夫山泉,农夫山泉纯牛奶旗舰版 2025,316.37,京东,快手小店,93.0%
食品生鲜,农夫山泉,农夫山泉纯牛奶青春版 2024,312.66,拼多多,京东自营,96.9%
食品生鲜,农夫山泉,农夫山泉纯牛奶青春版 2025,310.14,京东,拼多多旗舰店,92.8%
食品生鲜,农夫山泉,农夫山泉酸奶Pro 2024,369.84,京东,京东自营,90.9%
食品生鲜,农夫山泉,农夫山泉酸奶升级版 2025,324.72,拼多多,抖音商城,93.3%
食品生鲜,农夫山泉,农夫山泉酸奶标准版,436.83,淘宝,快手小店,98.4%
食品生鲜,农夫山泉,农夫山泉酸奶经典款,367.54,京东,天猫旗舰店,95.0%
食品生鲜,农夫山泉,农夫山泉食用油Max,443.47,京东,淘宝店铺,94.4%
食品生鲜,农夫山泉,农夫山泉食用油旗舰版 2024,11.11,苏宁易购,快手小店,98.6%
食品生鲜,农夫山泉,农夫山泉食用油青春版 2025,284.12,淘宝,抖音商城,99.7%
食品生鲜,农夫山泉,农夫山泉饼干Max 2024,480.38,拼多多,快手小店,92.7%
食品生鲜,农夫山泉,农夫山泉饼干Max 2024,325.53,京东,天猫旗舰店,97.9%
食品生鲜,农夫山泉,农夫山泉饼干Pro 2025,50.92,天猫,京东自营,98.1%
食品生鲜,康师傅,康师傅坚果礼盒旗舰版 2025,258.07,苏宁易购,淘宝店铺,98.3%
食品生鲜,康师傅,康师傅坚果礼盒旗舰版 2025,467.14,天猫,天猫旗舰店,96.3%
食品生鲜,康师傅,康师傅坚果礼盒青春版 2025,148.55,天猫,快手小店,93.4%
食品生鲜,康师傅,康师傅方便面旗舰版,462.68,淘宝,抖音商城,93.8%
食品生鲜,康师傅,康师傅方便面旗舰版 2025,197.11,淘宝,快手小店,95.1%
食品生鲜,康师傅,康师傅方便面标准版 2025,433.81,天猫,快手小店,97.3%
食品生鲜,康师傅,康师傅果汁饮料Pro,392.31,天猫,天猫旗舰店,93.1%
食品生鲜,康师傅,康师傅果汁饮料新品,214.33,淘宝,淘宝店铺,96.2%
食品生鲜,康师傅,康师傅果汁饮料旗舰版,24.73,苏宁易购,京东自营,99.2%
食品生鲜,康师傅,康师傅果汁饮料旗舰版 2025,421.51,苏宁易购,抖音商城,93.0%
食品生鲜,康师傅,康师傅矿泉水Pro,490.87,天猫,京东自营,96.8%
食品生鲜,康师傅,康师傅矿泉水旗舰版 2024,105.78,淘宝,拼多多旗舰店,95.4%
食品生鲜,康师傅,康师傅矿泉水标准版,193.15,京东,天猫旗舰店,90.5%
食品生鲜,康师傅,康师傅纯牛奶旗舰版,253.92,淘宝,快手小店,96.9%
食品生鲜,康师傅,康师傅纯牛奶旗舰版 2025,146.25,京东,抖音商城,98.4%
食品生鲜,康师傅,康师傅纯牛奶标准版 2024,282.77,拼多多,快手小店,95.8%
食品生鲜,康师傅,康师傅纯牛奶联名款,409.55,苏宁易购,快手小店,99.8%
食品生鲜,康师傅,康师傅酸奶旗舰版 2025,355.52,苏宁易购,抖音商城,93.6%
食品生鲜,康师傅,康师傅酸奶旗舰版 2025,102.06,天猫,淘宝店铺,97.2%
食品生鲜,康师傅,康师傅酸奶标准版,372.37,拼多多,天猫旗舰店,92.0%
食品生鲜,康师傅,康师傅食用油Max,177.61,淘宝,淘宝店铺,98.7%
食品生鲜,康师傅,康师傅食用油Pro 2024,112.91,苏宁易购,拼多多旗舰店,97.5%
食品生鲜,康师傅,康师傅食用油青春版,393.41,苏宁易购,抖音商城,91.6%
食品生鲜,康师傅,康师傅饼干Max,490.83,天猫,快手小店,90.7%
食品生鲜,康师傅,康师傅饼干升级版,293.49,淘宝,拼多多旗舰店,92.5%
食品生鲜,康师傅,康师傅饼干青春版,191.34,苏宁易购,淘宝店铺,94.2%
食品生鲜,百草味,百草味坚果礼盒升级版 2025,162.09,淘宝,抖音商城,97.3%
食品生鲜,百草味,百草味坚果礼盒标准版 2025,351.08,苏宁易购,天猫旗舰店,99.4%
食品生鲜,百草味,百草味坚果礼盒青春版 2024,180.27,天猫,天猫旗舰店,98.3%
食品生鲜,百草味,百草味方便面Max 2025,479.57,天猫,快手小店,96.4%
食品生鲜,百草味,百草味方便面标准版 2024,154.07,天猫,快手小店,91.4%
食品生鲜,百草味,百草味方便面青春版 2025,444.46,淘宝,天猫旗舰店,96.1%
食品生鲜,百草味,百草味果汁饮料Max 2024,178.51,拼多多,抖音商城,93.7%
食品生鲜,百草味,百草味果汁饮料升级版,347.43,京东,快手小店,93.5%
食品生鲜,百草味,百草味果汁饮料标准版,195.65,天猫,拼多多旗舰店,97.3%
食品生鲜,百草味,百草味矿泉水Pro,189.55,拼多多,抖音商城,99.3%
食品生鲜,百草味,百草味矿泉水升级版 2024,359.17,淘宝,京东自营,99.1%
食品生鲜,百草味,百草味矿泉水标准版,294.78,京东,抖音商城,99.1%
食品生鲜,百草味,百草味矿泉水经典款,140.19,天猫,京东自营,93.5%
食品生鲜,百草味,百草味纯牛奶Pro,247.28,天猫,抖音商城,90.9%
食品生鲜,百草味,百草味纯牛奶升级版,265.07,苏宁易购,天猫旗舰店,90.0%
食品生鲜,百草味,百草味纯牛奶青春版,418.33,拼多多,抖音商城,98.0%
食品生鲜,百草味,百草味酸奶升级版 2025,5.89,苏宁易购,拼多多旗舰店,96.9%
食品生鲜,百草味,百草味酸奶旗舰版 2025,407.34,淘宝,天猫旗舰店,93.7%
食品生鲜,百草味,百草味酸奶青春版,94.95,苏宁易购,天猫旗舰店,93.2%
食品生鲜,百草味,百草味食用油Max,366.6,京东,淘宝店铺,95.4%
食品生鲜,百草味,百草味食用油旗舰版 2025,116.44,京东,淘宝店铺,94.5%
食品生鲜,百草味,百草味食用油标准版 2024,134.0,淘宝,天猫旗舰店,91.0%
食品生鲜,百草味,百草味饼干旗舰版 2025,56.43,淘宝,快手小店,94.9%
食品生鲜,百草味,百草味饼干旗舰版 2025,365.27,京东,淘宝店铺,93.3%
食品生鲜,百草味,百草味饼干标准版,176.32,京东,快手小店,93.2%
食品生鲜,统一,统一坚果礼盒Pro 2025,339.09,苏宁易购,抖音商城,93.8%
食品生鲜,统一,统一坚果礼盒标准版,322.84,拼多多,拼多多旗舰店,91.6%
食品生鲜,统一,统一坚果礼盒青春版 2025,351.09,天猫,拼多多旗舰店,90.9%
食品生鲜,统一,统一方便面Max 2024,281.71,拼多多,快手小店,96.1%
食品生鲜,统一,统一方便面旗舰版 2024,474.48,京东,天猫旗舰店,93.6%
食品生鲜,统一,统一方便面旗舰版 2024,358.66,天猫,京东自营,91.1%
食品生鲜,统一,统一果汁饮料升级版 2025,290.81,天猫,京东自营,97.2%
食品生鲜,统一,统一果汁饮料标准版 2025,467.04,拼多多,抖音商城,98.3%
食品生鲜,统一,统一果汁饮料青春版 2025,71.51,苏宁易购,快手小店,94.9%
食品生鲜,统一,统一矿泉水Max 2024,63.64,京东,京东自营,94.9%
食品生鲜,统一,统一矿泉水Max 2024,22.7,京东,抖音商城,95.4%
食品生鲜,统一,统一矿泉水青春版 2025,155.47,天猫,快手小店,95.0%
食品生鲜,统一,统一纯牛奶升级版,376.21,淘宝,淘宝店铺,93.2%
食品生鲜,统一,统一纯牛奶标准版 2024,224.43,京东,拼多多旗舰店,95.7%
食品生鲜,统一,统一纯牛奶标准版 2025,115.02,拼多多,天猫旗舰店,96.4%
食品生鲜,统一,统一酸奶Pro 2024,414.96,淘宝,抖音商城,99.5%
食品生鲜,统一,统一酸奶升级版 2025,371.8,淘宝,抖音商城,94.1%
食品生鲜,统一,统一酸奶青春版 2024,351.84,天猫,拼多多旗舰店,90.5%
食品生鲜,统一,统一食用油Max 2025,301.67,苏宁易购,拼多多旗舰店,98.7%
食品生鲜,统一,统一食用油Max 2025,457.46,淘宝,拼多多旗舰店,97.5%
食品生鲜,统一,统一食用油Pro 2024,228.71,拼多多,抖音商城,91.3%
食品生鲜,统一,统一饼干升级版,64.65,天猫,拼多多旗舰店,98.4%
食品生鲜,统一,统一饼干升级版 2025,171.94,京东,快手小店,97.5%
食品生鲜,统一,统一饼干旗舰版 2025,65.87,拼多多,快手小店,98.8%
食品生鲜,良品铺子,良品铺子坚果礼盒升级版,207.18,苏宁易购,淘宝店铺,95.5%
食品生鲜,良品铺子,良品铺子坚果礼盒升级版 2025,444.54,京东,淘宝店铺,91.6%
食品生鲜,良品铺子,良品铺子坚果礼盒青春版 2025,446.25,拼多多,快手小店,97.0%
食品生鲜,良品铺子,良品铺子方便面Pro 2025,35.45,京东,京东自营,97.4%
食品生鲜,良品铺子,良品铺子方便面升级版 2024,27.04,淘宝,天猫旗舰店,94.4%
食品生鲜,良品铺子,良品铺子方便面旗舰版 2024,404.24,苏宁易购,天猫旗舰店,94.1%
食品生鲜,良品铺子,良品铺子果汁饮料Max,393.56,苏宁易购,拼多多旗舰店,96.2%
食品生鲜,良品铺子,良品铺子果汁饮料Max 2025,201.29,淘宝,抖音商城,93.2%
食品生鲜,良品铺子,良品铺子果汁饮料Pro 2024,454.94,京东,京东自营,99.1%
食品生鲜,良品铺子,良品铺子矿泉水Pro 2024,237.65,淘宝,京东自营,98.9%
食品生鲜,良品铺子,良品铺子矿泉水升级版,320.27,拼多多,京东自营,99.7%
食品生鲜,良品铺子,良品铺子矿泉水旗舰版 2025,196.44,拼多多,淘宝店铺,93.7%
食品生鲜,良品铺子,良品铺子矿泉水联名款,54.4,淘宝,拼多多旗舰店,94.9%
食品生鲜,良品铺子,良品铺子纯牛奶Pro 2025,313.79,京东,京东自营,94.8%
食品生鲜,良品铺子,良品铺子纯牛奶旗舰版 2024,151.92,拼多多,抖音商城,90.9%
食品生鲜,良品铺子,良品铺子纯牛奶青春版 2024,80.87,拼多多,京东自营,93.6%
食品生鲜,良品铺子,良品铺子酸奶Max 2025,22.16,苏宁易购,抖音商城,95.7%
食品生鲜,良品铺子,良品铺子酸奶旗舰版 2024,287.92,淘宝,京东自营,92.3%
食品生鲜,良品铺子,良品铺子酸奶青春版,420.35,拼多多,抖音商城,98.1%
食品生鲜,良品铺子,良品铺子食用油Max 2024,194.22,苏宁易购,拼多多旗舰店,94.8%
食品生鲜,良品铺子,良品铺子食用油标准版 2024,78.92,苏宁易购,京东自营,95.6%
食品生鲜,良品铺子,良品铺子食用油标准版 2025,390.1,苏宁易购,淘宝店铺,97.8%
食品生鲜,良品铺子,良品铺子饼干升级版,404.38,拼多多,京东自营,91.2%
食品生鲜,良品铺子,良品铺子饼干新品,20.27,苏宁易购,快手小店,96.9%
食品生鲜,良品铺子,良品铺子饼干旗舰版 2024,104.75,天猫,抖音商城,98.1%
食品生鲜,良品铺子,良品铺子饼干旗舰版 2025,77.84,拼多多,天猫旗舰店,99.4%
食品生鲜,蒙牛,蒙牛坚果礼盒Pro 2024,204.87,苏宁易购,快手小店,97.3%
食品生鲜,蒙牛,蒙牛坚果礼盒旗舰版 2024,341.29,拼多多,淘宝店铺,97.1%
食品生鲜,蒙牛,蒙牛坚果礼盒青春版,174.52,苏宁易购,快手小店,97.1%
食品生鲜,蒙牛,蒙牛方便面Max,161.29,京东,拼多多旗舰店,97.1%
食品生鲜,蒙牛,蒙牛方便面标准版,72.86,拼多多,抖音商城,92.0%
食品生鲜,蒙牛,蒙牛方便面青春版,433.54,淘宝,拼多多旗舰店,93.8%
食品生鲜,蒙牛,蒙牛果汁饮料Pro 2024,68.69,苏宁易购,淘宝店铺,93.8%
食品生鲜,蒙牛,蒙牛果汁饮料升级版,411.98,淘宝,拼多多旗舰店,93.0%
食品生鲜,蒙牛,蒙牛果汁饮料旗舰版 2025,299.61,天猫,淘宝店铺,93.3%
食品生鲜,蒙牛,蒙牛果汁饮料联名款,293.32,苏宁易购,淘宝店铺,91.6%
食品生鲜,蒙牛,蒙牛矿泉水Pro,372.64,淘宝,淘宝店铺,93.0%
食品生鲜,蒙牛,蒙牛矿泉水Pro 2025,150.26,拼多多,京东自营,98.4%
食品生鲜,蒙牛,蒙牛矿泉水旗舰版 2025,291.67,拼多多,天猫旗舰店,96.1%
食品生鲜,蒙牛,蒙牛纯牛奶Max 2025,182.1,天猫,快手小店,93.0%
食品生鲜,蒙牛,蒙牛纯牛奶联名款,246.25,京东,拼多多旗舰店,93.5%
食品生鲜,蒙牛,蒙牛纯牛奶青春版,150.13,淘宝,快手小店,94.7%
食品生鲜,蒙牛,蒙牛纯牛奶青春版,472.78,京东,天猫旗舰店,98.9%
食品生鲜,蒙牛,蒙牛酸奶Max,68.93,拼多多,拼多多旗舰店,94.3%
食品生鲜,蒙牛,蒙牛酸奶Max 2024,108.43,苏宁易购,天猫旗舰店,97.7%
食品生鲜,蒙牛,蒙牛酸奶Pro 2025,492.4,京东,京东自营,93.1%
食品生鲜,蒙牛,蒙牛食用油Max 2024,375.56,拼多多,京东自营,91.6%
食品生鲜,蒙牛,蒙牛食用油升级版,364.22,京东,抖音商城,91.3%
食品生鲜,蒙牛,蒙牛食用油青春版,65.84,京东,拼多多旗舰店,97.0%
食品生鲜,蒙牛,蒙牛饼干Max 2024,194.36,天猫,快手小店,90.4%
食品生鲜,蒙牛,蒙牛饼干Pro,445.65,苏宁易购,天猫旗舰店,97.5%
食品生鲜,蒙牛,蒙牛饼干标准版 2025,7.04,天猫,快手小店,97.3%
